   ▲ Next.js 15.1.6
   - Local:        http://127.0.0.1:3005
   - Network:      http://127.0.0.1:3005

 ✓ Starting...

   We detected TypeScript in your project and reconfigured your tsconfig.json file for you.
   The following suggested values were added to your tsconfig.json. These values can be changed to fit your project's needs:

   	- include was updated to add '.next-preview/types/**/*.ts'

 ✓ Ready in 2.6s
 ○ Compiling / ...
 ✓ Compiled / in 5.6s (791 modules)
[shift] Running on the local JSON store. This is intended for development and demos — set DATABASE_URL to use Neon PostgreSQL.
 GET / 200 in 6035ms
 HEAD / 200 in 47ms
 GET / 200 in 38ms
 ○ Compiling /api/state ...
 ✓ Compiled /api/state in 1281ms (808 modules)
 GET /api/state 200 in 1383ms
 GET /api/health 200 in 1453ms
 GET / 200 in 225ms
 GET /api/state 200 in 18ms
 GET /api/state 200 in 19ms
 GET /api/state 200 in 24ms
 GET /api/state 200 in 19ms
 GET /api/state 200 in 18ms
 GET /api/state 200 in 21ms
 GET /api/state 200 in 20ms
 GET /api/state 200 in 19ms
 GET /api/state 200 in 18ms
 GET /api/state 200 in 19ms
 GET /api/state 200 in 18ms
 GET /api/state 200 in 16ms
 GET /api/state 200 in 17ms
 GET /api/state 200 in 20ms
 GET /api/state 200 in 19ms
 GET /api/state 200 in 17ms
 GET /api/state 200 in 16ms
 GET /api/state 200 in 19ms
 GET /api/state 200 in 16ms
 GET /api/state 200 in 18ms
 ✓ Compiled /leaderboard in 462ms (815 modules)
 GET /leaderboard 200 in 604ms
 ✓ Compiled /history in 392ms (824 modules)
 GET /history 200 in 495ms
 ○ Compiling /admin ...
 ✓ Compiled /admin in 548ms (842 modules)
 GET /admin 200 in 629ms
 GET /leaderboard 200 in 35ms
 GET /admin 200 in 22ms
 GET / 200 in 39ms
 GET /api/state 200 in 37ms
 GET /api/state 200 in 18ms
 GET /api/state 200 in 17ms
 GET /api/state 200 in 16ms
 GET /api/state 200 in 19ms
 GET /api/state 200 in 18ms
 GET /api/state 200 in 18ms
 GET /api/state 200 in 16ms
 GET /api/state 200 in 24ms
 GET /api/state 200 in 18ms
 GET /api/state 200 in 18ms
 GET /api/state 200 in 19ms
 GET /api/state 200 in 18ms
 GET /api/state 200 in 19ms
 GET /api/state 200 in 17ms
 GET /api/state 200 in 19ms
 GET /api/state 200 in 19ms
 GET /api/state 200 in 18ms
 GET /api/state 200 in 17ms
 GET /api/state 200 in 19ms
 GET /api/state 200 in 18ms
 GET /api/state 200 in 18ms
 GET /api/state 200 in 17ms
 GET /api/state 200 in 19ms
 GET /api/state 200 in 18ms
 GET /api/state 200 in 17ms
 GET /api/state 200 in 17ms
 GET /api/state 200 in 18ms
 GET /leaderboard 200 in 25ms
 GET /history 200 in 29ms
 GET /admin 200 in 23ms
 GET / 200 in 22ms
 GET /api/state 200 in 19ms
 GET /api/state 200 in 18ms
 GET /api/state 200 in 18ms
 GET /api/state 200 in 18ms
 GET /api/state 200 in 18ms
 GET /api/state 200 in 21ms
 GET /api/state 200 in 18ms
 GET /api/state 200 in 18ms
 GET /api/state 200 in 18ms
 GET /api/state 200 in 16ms
 GET /api/state 200 in 17ms
 GET /api/state 200 in 16ms
 GET /api/state 200 in 16ms
 GET /api/state 200 in 18ms
 GET /api/state 200 in 17ms
 GET /api/state 200 in 15ms
 ○ Compiling /api/batches ...
 ✓ Compiled /api/batches in 559ms (845 modules)
 POST /api/batches 201 in 924ms
 GET /api/state 200 in 24ms
 GET /api/state 200 in 19ms
 GET /api/state 200 in 18ms
 GET /api/state 200 in 25ms
 GET /api/state 200 in 23ms
 GET /api/state 200 in 21ms
 GET /api/state 200 in 20ms
 GET /api/state 200 in 21ms
 GET /api/state 200 in 20ms
 GET /api/state 200 in 20ms
 GET /api/state 200 in 18ms
 GET /api/state 200 in 20ms
 GET /api/state 200 in 19ms
 GET /api/state 200 in 18ms
 GET /api/state 200 in 19ms
 GET /api/state 200 in 20ms
 GET /api/state 200 in 21ms
 GET /api/state 200 in 20ms
 GET /api/state 200 in 24ms
 GET /api/state 200 in 24ms
 GET /api/state 200 in 16ms
 GET /api/state 200 in 17ms
 GET /api/state 200 in 18ms
 GET /api/state 200 in 17ms
 GET /api/state 200 in 18ms
 GET /api/state 200 in 18ms
 GET /api/state 200 in 16ms
 GET /api/state 200 in 18ms
 GET /api/state 200 in 26ms
 GET /api/state 200 in 17ms
 GET /api/state 200 in 17ms
 GET /api/state 200 in 17ms
 GET /api/state 200 in 17ms
 GET /api/state 200 in 19ms
 GET /api/state 200 in 16ms
 GET /api/state 200 in 17ms
 GET /api/state 200 in 16ms
 GET /api/state 200 in 16ms
 GET /api/state 200 in 22ms
 GET /api/state 200 in 22ms
 GET /api/state 200 in 17ms
 GET /api/state 200 in 18ms
 GET /api/state 200 in 19ms
 GET /api/state 200 in 21ms
 GET /api/state 200 in 16ms
 GET /api/state 200 in 25ms
 GET /api/state 200 in 23ms
 GET /api/state 200 in 20ms
 GET /api/state 200 in 16ms
 GET /api/state 200 in 16ms
 GET /api/state 200 in 15ms
 GET /api/state 200 in 19ms
 GET /api/state 200 in 19ms
 GET /api/state 200 in 17ms
 GET /api/state 200 in 17ms
 GET /api/state 200 in 23ms
 GET /api/state 200 in 15ms
 GET /api/state 200 in 16ms
 GET /api/state 200 in 16ms
 GET /api/state 200 in 18ms
 GET /api/state 200 in 16ms
 GET /api/state 200 in 17ms
 GET /api/state 200 in 16ms
 GET /api/state 200 in 23ms
 GET /api/state 200 in 16ms
 GET /api/state 200 in 17ms
 GET /api/state 200 in 16ms
 GET /api/state 200 in 19ms
 GET /api/state 200 in 15ms
 GET /api/state 200 in 16ms
 GET /api/state 200 in 16ms
 GET /api/state 200 in 23ms
 GET /api/state 200 in 15ms
 GET /api/state 200 in 16ms
 GET /api/state 200 in 16ms
 GET /api/state 200 in 16ms
 GET /api/state 200 in 16ms
 GET /api/state 200 in 16ms
 GET /api/state 200 in 16ms
 GET /api/state 200 in 17ms
 GET /api/state 200 in 16ms
 GET /api/state 200 in 15ms
 GET /api/state 200 in 16ms
 GET /api/state 200 in 16ms
 GET /api/state 200 in 15ms
 GET /api/state 200 in 16ms
 GET /api/state 200 in 15ms
 GET /api/state 200 in 22ms
 GET /api/state 200 in 22ms
 GET /api/state 200 in 17ms
 GET /api/state 200 in 16ms
 GET /api/state 200 in 16ms
 GET /api/state 200 in 16ms
 GET /api/state 200 in 15ms
 GET /api/state 200 in 15ms
 GET /api/state 200 in 16ms
 GET /api/state 200 in 16ms
 GET /api/state 200 in 16ms
 GET /api/state 200 in 17ms
 GET /api/state 200 in 22ms
 GET /api/state 200 in 17ms
 GET /api/state 200 in 19ms
 GET /api/state 200 in 17ms
 GET /api/state 200 in 17ms
 GET /api/state 200 in 16ms
 GET /api/state 200 in 15ms
 GET /api/state 200 in 16ms
 GET /api/state 200 in 16ms
 GET /api/state 200 in 17ms
 GET /api/state 200 in 17ms
 GET /api/state 200 in 16ms
 GET /api/state 200 in 22ms
 GET /api/state 200 in 22ms
 GET /api/state 200 in 15ms
 GET /api/state 200 in 17ms
 GET /api/state 200 in 15ms
 GET /api/state 200 in 16ms
 GET /api/state 200 in 17ms
 GET /api/state 200 in 15ms
 GET /api/state 200 in 17ms
 GET /api/state 200 in 17ms
 GET /api/state 200 in 19ms
 GET /api/state 200 in 19ms
 GET /api/state 200 in 19ms
 GET /api/state 200 in 16ms
 GET /api/state 200 in 17ms
 GET /admin 200 in 62ms
 GET / 200 in 37ms
 GET /api/state 200 in 18ms
 GET /api/state 200 in 24ms
 GET /api/state 200 in 16ms
 GET /api/state 200 in 17ms
 GET /api/state 200 in 23ms
 GET /api/state 200 in 25ms
 GET /api/state 200 in 24ms
 GET /api/state 200 in 21ms
 GET /api/state 200 in 16ms
 GET /api/state 200 in 21ms
 GET /api/state 200 in 26ms
 GET /api/state 200 in 19ms
 GET /admin 200 in 22ms
 ✓ Compiled /api/reports/[report] in 449ms (845 modules)
 GET /api/reports/workers?from=2026-09-05&to=2026-10-05 200 in 1509ms
 GET /api/reports/pallets?from=2026-09-05&to=2026-10-05 200 in 365ms
 ✓ Compiled /api/races in 400ms (843 modules)
 POST /api/races 201 in 554ms
 GET /api/races 200 in 11ms
 ✓ Compiled /api/leaderboard in 291ms (845 modules)
 GET /api/leaderboard 200 in 346ms
 POST /api/races 201 in 102ms
 GET /api/races 200 in 7ms
 GET /api/leaderboard 200 in 7ms
 GET /leaderboard 200 in 52ms
 GET /history 200 in 33ms
 ✓ Compiled /api/history in 406ms (842 modules)
 GET /api/history?from=2026-09-21&to=2026-10-05&workerId=676ce6a9-75f9-4f42-8d3e-216a9306f9c3 200 in 466ms
 GET /admin 200 in 35ms
 GET / 200 in 27ms
 ✓ Compiled /api/state in 191ms (523 modules)
 GET /api/state 200 in 260ms
 GET /api/state 200 in 8ms
 GET /api/state 200 in 9ms
 GET /api/state 200 in 12ms
 GET /api/state 200 in 11ms
 GET /api/state 200 in 10ms
 GET /api/state 200 in 10ms
 GET /api/state 200 in 12ms
 GET /api/state 200 in 10ms
 GET /api/state 200 in 12ms
 GET /api/state 200 in 12ms
 GET /api/state 200 in 10ms
 GET /api/state 200 in 9ms
 GET /api/state 200 in 9ms
 GET /api/state 200 in 10ms
 GET /api/state 200 in 9ms
 GET /api/state 200 in 13ms
 GET /api/state 200 in 10ms
 GET /api/state 200 in 9ms
 GET /api/state 200 in 10ms
 GET /api/state 200 in 9ms
 GET /api/state 200 in 9ms
 GET /api/state 200 in 8ms
 GET /api/state 200 in 10ms
 GET /api/state 200 in 9ms
 GET /api/state 200 in 9ms
 GET /api/state 200 in 9ms
 GET /api/state 200 in 9ms
 GET /api/state 200 in 9ms
 GET /api/state 200 in 9ms
 GET /api/state 200 in 8ms
 GET /api/state 200 in 8ms
 GET /api/state 200 in 11ms
 GET /api/state 200 in 9ms
 GET /api/state 200 in 9ms
 GET /api/state 200 in 9ms
 GET /api/state 200 in 10ms
 GET /api/state 200 in 9ms
 GET /api/state 200 in 9ms
 GET /api/state 200 in 9ms
 GET /api/state 200 in 11ms
 GET /api/state 200 in 9ms
 GET /api/state 200 in 9ms
 GET /api/state 200 in 9ms
 GET /api/state 200 in 9ms
 GET /api/state 200 in 9ms
 GET /api/state 200 in 8ms
 GET /api/state 200 in 8ms
 GET /api/state 200 in 14ms
 GET /api/state 200 in 15ms
 GET /api/state 200 in 11ms
 GET /api/state 200 in 8ms
 ✓ Compiled /api/batches/[id]/members in 495ms (845 modules)
 POST /api/batches/f7ac6c77-7ce2-48f1-9034-59653efdf629/members 200 in 1681ms
 DELETE /api/batches/f7ac6c77-7ce2-48f1-9034-59653efdf629/members?workerId=676ce6a9-75f9-4f42-8d3e-216a9306f9c3 200 in 67ms
 GET /api/state 200 in 26ms
 GET /api/state 200 in 9ms
 GET /api/state 200 in 9ms
 GET /api/state 200 in 10ms
 GET /api/state 200 in 9ms
 GET /api/state 200 in 10ms
 GET /api/state 200 in 15ms
 GET /api/state 200 in 10ms
 GET /api/state 200 in 9ms
 GET /api/state 200 in 10ms
 GET /api/state 200 in 10ms
 GET /api/state 200 in 10ms
 GET /api/state 200 in 13ms
 GET /api/state 200 in 10ms
 GET /api/state 200 in 9ms
 GET /api/state 200 in 9ms
 GET /api/state 200 in 10ms
 GET /api/state 200 in 12ms
 GET /api/state 200 in 9ms
 GET /api/state 200 in 12ms
 GET /api/state 200 in 12ms
 GET /api/state 200 in 15ms
 GET /api/state 200 in 8ms
 GET /api/state 200 in 9ms
 GET /api/state 200 in 11ms
 GET /api/state 200 in 9ms
 GET /api/state 200 in 11ms
 GET /api/state 200 in 11ms
 GET /api/state 200 in 8ms
 GET /api/state 200 in 9ms
 GET /api/state 200 in 9ms
 GET /api/state 200 in 9ms
 GET /api/state 200 in 9ms
 GET /api/state 200 in 9ms
 GET /api/state 200 in 11ms
 GET /api/state 200 in 8ms
 GET /api/state 200 in 10ms
 GET /api/state 200 in 10ms
 GET /api/state 200 in 9ms
 GET /api/state 200 in 9ms
 GET /api/state 200 in 11ms
 GET /api/state 200 in 9ms
 GET /api/state 200 in 13ms
 GET /api/state 200 in 8ms
 GET /api/state 200 in 11ms
 GET /api/state 200 in 12ms
 GET /api/state 200 in 11ms
 GET /api/state 200 in 13ms
 GET /api/state 200 in 9ms
 GET /api/state 200 in 9ms
 GET /api/state 200 in 9ms
 GET /api/state 200 in 11ms
 GET /api/state 200 in 9ms
 GET /api/state 200 in 10ms
 GET /api/state 200 in 12ms
 GET /api/state 200 in 8ms
 GET /api/state 200 in 9ms
 GET /api/state 200 in 10ms
 GET /api/state 200 in 11ms
 GET /api/state 200 in 10ms
 GET /api/state 200 in 8ms
 GET /api/state 200 in 10ms
 GET /api/state 200 in 9ms
 GET /api/state 200 in 10ms
 GET /api/state 200 in 10ms
 GET /api/state 200 in 8ms
 GET /api/state 200 in 9ms
 GET /api/state 200 in 10ms
 GET /api/state 200 in 10ms
 GET /api/state 200 in 9ms
 GET /leaderboard 200 in 50ms
 GET / 200 in 27ms
 GET /api/state 200 in 11ms
 GET /api/state 200 in 9ms
 GET /api/state 200 in 8ms
 GET /api/state 200 in 10ms
 GET /api/state 200 in 12ms
 GET /api/state 200 in 10ms
 GET /api/state 200 in 8ms
 GET /api/state 200 in 9ms
 GET /api/state 200 in 11ms
 GET /api/state 200 in 10ms
 GET /api/state 200 in 9ms
 GET /api/state 200 in 10ms
 GET /api/state 200 in 9ms
 GET /api/state 200 in 10ms
 GET /api/state 200 in 9ms
 GET /api/state 200 in 9ms
 GET /api/state 200 in 10ms
 GET /api/state 200 in 10ms
 GET /api/state 200 in 12ms
 GET /api/state 200 in 9ms
 GET /api/state 200 in 11ms
 GET /api/state 200 in 11ms
 GET /api/state 200 in 8ms
 GET /api/state 200 in 9ms
 GET /api/state 200 in 9ms
 GET /api/state 200 in 9ms
 GET /api/state 200 in 9ms
 GET /api/state 200 in 7ms
 GET /api/state 200 in 10ms
 GET /api/state 200 in 8ms
 GET /api/state 200 in 8ms
 GET /api/state 200 in 9ms
 GET /api/state 200 in 8ms
 GET /api/state 200 in 8ms
 GET /api/state 200 in 8ms
 GET /api/state 200 in 8ms
 GET /api/state 200 in 10ms
 GET /api/state 200 in 8ms
 GET /api/state 200 in 9ms
 ○ Compiling /api/batches/[id]/pallets ...
 ✓ Compiled /api/batches/[id]/pallets in 785ms (859 modules)
 ✓ Compiled in 331ms (335 modules)
 GET / 200 in 72ms
 GET / 200 in 16ms
 GET /api/state 200 in 15ms
 POST /api/batches/f7ac6c77-7ce2-48f1-9034-59653efdf629/pallets 201 in 1962ms
 GET /api/state 200 in 8ms
 POST /api/batches/037a610e-0cf3-4153-9905-6ad0113d9119/pallets 201 in 67ms
 GET /api/state 200 in 10ms
 POST /api/batches/037a610e-0cf3-4153-9905-6ad0113d9119/pallets 201 in 75ms
 GET /api/state 200 in 9ms
 GET /api/state 200 in 8ms
 GET /leaderboard 200 in 25ms
 GET / 200 in 14ms
 GET /api/state 200 in 10ms
 GET /api/state 200 in 11ms
 GET /api/state 200 in 9ms
 GET /api/state 200 in 12ms
 GET /api/state 200 in 9ms
 GET /api/state 200 in 10ms
 GET /api/state 200 in 10ms
 GET /api/state 200 in 9ms
 GET /api/state 200 in 11ms
 GET /api/state 200 in 11ms
 GET /api/state 200 in 9ms
 GET /api/state 200 in 13ms
 GET /api/state 200 in 9ms
 GET /api/state 200 in 12ms
 GET /api/state 200 in 10ms
 GET /api/state 200 in 12ms
 GET /api/state 200 in 9ms
 GET /api/state 200 in 9ms
 GET /api/state 200 in 13ms
 GET /api/state 200 in 10ms
 GET /api/state 200 in 9ms
 GET /api/state 200 in 12ms
 GET /api/state 200 in 9ms
 GET /api/state 200 in 9ms
 GET /api/state 200 in 12ms
 GET /api/state 200 in 9ms
 GET /api/state 200 in 11ms
 GET /api/state 200 in 9ms
 GET /api/state 200 in 10ms
 GET /api/state 200 in 9ms
 GET /api/state 200 in 11ms
 GET /api/state 200 in 9ms
 GET /api/state 200 in 9ms
 GET /api/state 200 in 10ms
 GET /api/state 200 in 8ms
 GET /api/state 200 in 9ms
 GET /api/state 200 in 10ms
 GET /api/state 200 in 9ms
 GET /api/state 200 in 9ms
 ○ Compiling /api/batches/[id]/finish ...
 ✓ Compiled /api/batches/[id]/finish in 657ms (859 modules)
 GET / 200 in 70ms
 POST /api/batches/037a610e-0cf3-4153-9905-6ad0113d9119/finish 200 in 1821ms
 GET /api/state 200 in 16ms
 GET /api/state 200 in 8ms
 GET /leaderboard 200 in 26ms
 GET / 200 in 12ms
 GET /api/state 200 in 9ms
 GET /leaderboard 200 in 13ms
 GET / 200 in 12ms
 GET /api/state 200 in 10ms
 POST /api/batches/f7ac6c77-7ce2-48f1-9034-59653efdf629/finish 200 in 64ms
 GET /api/state 200 in 9ms
 GET /api/state 200 in 7ms
 GET /api/state 200 in 8ms
 ✓ Compiled /api/batches in 295ms (526 modules)
 POST /api/batches 201 in 695ms
 GET /api/state 200 in 665ms
 GET /api/state 200 in 9ms
 ✓ Compiled /api/batches/[id]/pallets in 135ms (528 modules)
 POST /api/batches/1ffd8fdc-17e8-49fb-822f-5755125da2c8/pallets 201 in 262ms
 GET /api/state 200 in 20ms
 GET /api/state 200 in 8ms
 GET /api/state 200 in 8ms
 GET /api/state 200 in 15ms
 GET /api/state 200 in 12ms
 GET /api/state 200 in 9ms
 GET /api/state 200 in 9ms
 GET /api/state 200 in 11ms
 GET /api/state 200 in 13ms
 GET /api/state 200 in 11ms
 GET /api/state 200 in 9ms
 GET /api/state 200 in 9ms
 GET /api/state 200 in 9ms
 GET /api/state 200 in 10ms
 GET /api/state 200 in 9ms
 GET /api/state 200 in 9ms
 GET /api/state 200 in 11ms
 GET /api/state 200 in 10ms
 GET /api/state 200 in 11ms
 GET /api/state 200 in 12ms
 GET /api/state 200 in 10ms
 GET /api/state 200 in 12ms
 GET /api/state 200 in 11ms
 GET /api/state 200 in 13ms
 GET /api/state 200 in 10ms
 GET /api/state 200 in 8ms
 GET /api/state 200 in 9ms
 GET /api/state 200 in 9ms
 GET /api/state 200 in 10ms
 ⚠ ./components/station/StationDashboard.tsx
Attempted import error: 'LINE_CODES' is not exported from '@/lib/domain/types' (imported as 'LINE_CODES').

Import trace for requested module:
./components/station/StationDashboard.tsx

./components/station/StationDashboard.tsx
Attempted import error: 'LINE_CODES' is not exported from '@/lib/domain/types' (imported as 'LINE_CODES').

Import trace for requested module:
./components/station/StationDashboard.tsx

./components/station/StationDashboard.tsx
Attempted import error: 'LINE_CODES' is not exported from '@/lib/domain/types' (imported as 'LINE_CODES').

Import trace for requested module:
./components/station/StationDashboard.tsx

./components/station/StationDashboard.tsx
Attempted import error: 'LINE_CODES' is not exported from '@/lib/domain/types' (imported as 'LINE_CODES').

Import trace for requested module:
./components/station/StationDashboard.tsx

./components/station/StationDashboard.tsx
Attempted import error: 'LINE_CODES' is not exported from '@/lib/domain/types' (imported as 'LINE_CODES').

Import trace for requested module:
./components/station/StationDashboard.tsx

./components/station/StationDashboard.tsx
Attempted import error: 'LINE_CODES' is not exported from '@/lib/domain/types' (imported as 'LINE_CODES').

Import trace for requested module:
./components/station/StationDashboard.tsx

./lib/services/batches.ts
Attempted import error: 'LINE_CODES' is not exported from '@/lib/domain/types' (imported as 'LINE_CODES').

Import trace for requested module:
./lib/services/batches.ts
./lib/services/state.ts
./app/page.tsx

./lib/services/batches.ts
Attempted import error: 'LINE_CODES' is not exported from '@/lib/domain/types' (imported as 'LINE_CODES').

Import trace for requested module:
./lib/services/batches.ts
./lib/services/state.ts
./app/page.tsx
 ⚠ ./components/station/StationDashboard.tsx
Attempted import error: 'LINE_CODES' is not exported from '@/lib/domain/types' (imported as 'LINE_CODES').

Import trace for requested module:
./components/station/StationDashboard.tsx

./components/station/StationDashboard.tsx
Attempted import error: 'LINE_CODES' is not exported from '@/lib/domain/types' (imported as 'LINE_CODES').

Import trace for requested module:
./components/station/StationDashboard.tsx

./components/station/StationDashboard.tsx
Attempted import error: 'LINE_CODES' is not exported from '@/lib/domain/types' (imported as 'LINE_CODES').

Import trace for requested module:
./components/station/StationDashboard.tsx

./components/station/StationDashboard.tsx
Attempted import error: 'LINE_CODES' is not exported from '@/lib/domain/types' (imported as 'LINE_CODES').

Import trace for requested module:
./components/station/StationDashboard.tsx

./components/station/StationDashboard.tsx
Attempted import error: 'LINE_CODES' is not exported from '@/lib/domain/types' (imported as 'LINE_CODES').

Import trace for requested module:
./components/station/StationDashboard.tsx

./components/station/StationDashboard.tsx
Attempted import error: 'LINE_CODES' is not exported from '@/lib/domain/types' (imported as 'LINE_CODES').

Import trace for requested module:
./components/station/StationDashboard.tsx

./lib/services/batches.ts
Attempted import error: 'LINE_CODES' is not exported from '@/lib/domain/types' (imported as 'LINE_CODES').

Import trace for requested module:
./lib/services/batches.ts
./lib/services/state.ts
./app/page.tsx

./lib/services/batches.ts
Attempted import error: 'LINE_CODES' is not exported from '@/lib/domain/types' (imported as 'LINE_CODES').

Import trace for requested module:
./lib/services/batches.ts
./lib/services/state.ts
./app/page.tsx
 ⚠ ./components/station/StationDashboard.tsx
Attempted import error: 'LINE_CODES' is not exported from '@/lib/domain/types' (imported as 'LINE_CODES').

Import trace for requested module:
./components/station/StationDashboard.tsx

./components/station/StationDashboard.tsx
Attempted import error: 'LINE_CODES' is not exported from '@/lib/domain/types' (imported as 'LINE_CODES').

Import trace for requested module:
./components/station/StationDashboard.tsx

./components/station/StationDashboard.tsx
Attempted import error: 'LINE_CODES' is not exported from '@/lib/domain/types' (imported as 'LINE_CODES').

Import trace for requested module:
./components/station/StationDashboard.tsx

./components/station/StationDashboard.tsx
Attempted import error: 'LINE_CODES' is not exported from '@/lib/domain/types' (imported as 'LINE_CODES').

Import trace for requested module:
./components/station/StationDashboard.tsx

./components/station/StationDashboard.tsx
Attempted import error: 'LINE_CODES' is not exported from '@/lib/domain/types' (imported as 'LINE_CODES').

Import trace for requested module:
./components/station/StationDashboard.tsx

./components/station/StationDashboard.tsx
Attempted import error: 'LINE_CODES' is not exported from '@/lib/domain/types' (imported as 'LINE_CODES').

Import trace for requested module:
./components/station/StationDashboard.tsx

./lib/services/batches.ts
Attempted import error: 'LINE_CODES' is not exported from '@/lib/domain/types' (imported as 'LINE_CODES').

Import trace for requested module:
./lib/services/batches.ts
./lib/services/state.ts
./app/page.tsx

./lib/services/batches.ts
Attempted import error: 'LINE_CODES' is not exported from '@/lib/domain/types' (imported as 'LINE_CODES').

Import trace for requested module:
./lib/services/batches.ts
./lib/services/state.ts
./app/page.tsx
 ⚠ ./components/station/StationDashboard.tsx
Attempted import error: 'LINE_CODES' is not exported from '@/lib/domain/types' (imported as 'LINE_CODES').

Import trace for requested module:
./components/station/StationDashboard.tsx

./components/station/StationDashboard.tsx
Attempted import error: 'LINE_CODES' is not exported from '@/lib/domain/types' (imported as 'LINE_CODES').

Import trace for requested module:
./components/station/StationDashboard.tsx

./components/station/StationDashboard.tsx
Attempted import error: 'LINE_CODES' is not exported from '@/lib/domain/types' (imported as 'LINE_CODES').

Import trace for requested module:
./components/station/StationDashboard.tsx

./components/station/StationDashboard.tsx
Attempted import error: 'LINE_CODES' is not exported from '@/lib/domain/types' (imported as 'LINE_CODES').

Import trace for requested module:
./components/station/StationDashboard.tsx

./components/station/StationDashboard.tsx
Attempted import error: 'LINE_CODES' is not exported from '@/lib/domain/types' (imported as 'LINE_CODES').

Import trace for requested module:
./components/station/StationDashboard.tsx

./components/station/StationDashboard.tsx
Attempted import error: 'LINE_CODES' is not exported from '@/lib/domain/types' (imported as 'LINE_CODES').

Import trace for requested module:
./components/station/StationDashboard.tsx

./lib/services/batches.ts
Attempted import error: 'LINE_CODES' is not exported from '@/lib/domain/types' (imported as 'LINE_CODES').

Import trace for requested module:
./lib/services/batches.ts
./lib/services/state.ts
./app/page.tsx

./lib/services/batches.ts
Attempted import error: 'LINE_CODES' is not exported from '@/lib/domain/types' (imported as 'LINE_CODES').

Import trace for requested module:
./lib/services/batches.ts
./lib/services/state.ts
./app/page.tsx
 ⚠ ./components/station/StationDashboard.tsx
Attempted import error: 'LINE_CODES' is not exported from '@/lib/domain/types' (imported as 'LINE_CODES').

Import trace for requested module:
./components/station/StationDashboard.tsx

./components/station/StationDashboard.tsx
Attempted import error: 'LINE_CODES' is not exported from '@/lib/domain/types' (imported as 'LINE_CODES').

Import trace for requested module:
./components/station/StationDashboard.tsx

./components/station/StationDashboard.tsx
Attempted import error: 'LINE_CODES' is not exported from '@/lib/domain/types' (imported as 'LINE_CODES').

Import trace for requested module:
./components/station/StationDashboard.tsx

./components/station/StationDashboard.tsx
Attempted import error: 'LINE_CODES' is not exported from '@/lib/domain/types' (imported as 'LINE_CODES').

Import trace for requested module:
./components/station/StationDashboard.tsx

./components/station/StationDashboard.tsx
Attempted import error: 'LINE_CODES' is not exported from '@/lib/domain/types' (imported as 'LINE_CODES').

Import trace for requested module:
./components/station/StationDashboard.tsx

./components/station/StationDashboard.tsx
Attempted import error: 'LINE_CODES' is not exported from '@/lib/domain/types' (imported as 'LINE_CODES').

Import trace for requested module:
./components/station/StationDashboard.tsx

./lib/services/batches.ts
Attempted import error: 'LINE_CODES' is not exported from '@/lib/domain/types' (imported as 'LINE_CODES').

Import trace for requested module:
./lib/services/batches.ts
./lib/services/state.ts
./app/page.tsx

./lib/services/batches.ts
Attempted import error: 'LINE_CODES' is not exported from '@/lib/domain/types' (imported as 'LINE_CODES').

Import trace for requested module:
./lib/services/batches.ts
./lib/services/state.ts
./app/page.tsx
 ⚠ ./components/station/StationDashboard.tsx
Attempted import error: 'LINE_CODES' is not exported from '@/lib/domain/types' (imported as 'LINE_CODES').

Import trace for requested module:
./components/station/StationDashboard.tsx

./components/station/StationDashboard.tsx
Attempted import error: 'LINE_CODES' is not exported from '@/lib/domain/types' (imported as 'LINE_CODES').

Import trace for requested module:
./components/station/StationDashboard.tsx

./components/station/StationDashboard.tsx
Attempted import error: 'LINE_CODES' is not exported from '@/lib/domain/types' (imported as 'LINE_CODES').

Import trace for requested module:
./components/station/StationDashboard.tsx

./components/station/StationDashboard.tsx
Attempted import error: 'LINE_CODES' is not exported from '@/lib/domain/types' (imported as 'LINE_CODES').

Import trace for requested module:
./components/station/StationDashboard.tsx

./components/station/StationDashboard.tsx
Attempted import error: 'LINE_CODES' is not exported from '@/lib/domain/types' (imported as 'LINE_CODES').

Import trace for requested module:
./components/station/StationDashboard.tsx

./components/station/StationDashboard.tsx
Attempted import error: 'LINE_CODES' is not exported from '@/lib/domain/types' (imported as 'LINE_CODES').

Import trace for requested module:
./components/station/StationDashboard.tsx

./lib/services/batches.ts
Attempted import error: 'LINE_CODES' is not exported from '@/lib/domain/types' (imported as 'LINE_CODES').

Import trace for requested module:
./lib/services/batches.ts
./lib/services/state.ts
./app/page.tsx

./lib/services/batches.ts
Attempted import error: 'LINE_CODES' is not exported from '@/lib/domain/types' (imported as 'LINE_CODES').

Import trace for requested module:
./lib/services/batches.ts
./lib/services/state.ts
./app/page.tsx
 ⚠ ./components/station/StationDashboard.tsx
Attempted import error: 'LINE_CODES' is not exported from '@/lib/domain/types' (imported as 'LINE_CODES').

Import trace for requested module:
./components/station/StationDashboard.tsx

./components/station/StationDashboard.tsx
Attempted import error: 'LINE_CODES' is not exported from '@/lib/domain/types' (imported as 'LINE_CODES').

Import trace for requested module:
./components/station/StationDashboard.tsx

./components/station/StationDashboard.tsx
Attempted import error: 'LINE_CODES' is not exported from '@/lib/domain/types' (imported as 'LINE_CODES').

Import trace for requested module:
./components/station/StationDashboard.tsx

./components/station/StationDashboard.tsx
Attempted import error: 'LINE_CODES' is not exported from '@/lib/domain/types' (imported as 'LINE_CODES').

Import trace for requested module:
./components/station/StationDashboard.tsx

./components/station/StationDashboard.tsx
Attempted import error: 'LINE_CODES' is not exported from '@/lib/domain/types' (imported as 'LINE_CODES').

Import trace for requested module:
./components/station/StationDashboard.tsx

./components/station/StationDashboard.tsx
Attempted import error: 'LINE_CODES' is not exported from '@/lib/domain/types' (imported as 'LINE_CODES').

Import trace for requested module:
./components/station/StationDashboard.tsx

./lib/services/batches.ts
Attempted import error: 'LINE_CODES' is not exported from '@/lib/domain/types' (imported as 'LINE_CODES').

Import trace for requested module:
./lib/services/batches.ts
./lib/services/state.ts
./app/page.tsx

./lib/services/batches.ts
Attempted import error: 'LINE_CODES' is not exported from '@/lib/domain/types' (imported as 'LINE_CODES').

Import trace for requested module:
./lib/services/batches.ts
./lib/services/state.ts
./app/page.tsx
 ⚠ ./components/station/StationDashboard.tsx
Attempted import error: 'LINE_CODES' is not exported from '@/lib/domain/types' (imported as 'LINE_CODES').

Import trace for requested module:
./components/station/StationDashboard.tsx

./components/station/StationDashboard.tsx
Attempted import error: 'LINE_CODES' is not exported from '@/lib/domain/types' (imported as 'LINE_CODES').

Import trace for requested module:
./components/station/StationDashboard.tsx

./components/station/StationDashboard.tsx
Attempted import error: 'LINE_CODES' is not exported from '@/lib/domain/types' (imported as 'LINE_CODES').

Import trace for requested module:
./components/station/StationDashboard.tsx

./components/station/StationDashboard.tsx
Attempted import error: 'LINE_CODES' is not exported from '@/lib/domain/types' (imported as 'LINE_CODES').

Import trace for requested module:
./components/station/StationDashboard.tsx

./components/station/StationDashboard.tsx
Attempted import error: 'LINE_CODES' is not exported from '@/lib/domain/types' (imported as 'LINE_CODES').

Import trace for requested module:
./components/station/StationDashboard.tsx

./components/station/StationDashboard.tsx
Attempted import error: 'LINE_CODES' is not exported from '@/lib/domain/types' (imported as 'LINE_CODES').

Import trace for requested module:
./components/station/StationDashboard.tsx

./app/admin/page.tsx
Attempted import error: 'getActiveRace' is not exported from '@/lib/services/races' (imported as 'getActiveRace').

Import trace for requested module:
./app/admin/page.tsx

./lib/services/batches.ts
Attempted import error: 'LINE_CODES' is not exported from '@/lib/domain/types' (imported as 'LINE_CODES').

Import trace for requested module:
./lib/services/batches.ts
./lib/services/state.ts
./app/page.tsx

./lib/services/batches.ts
Attempted import error: 'LINE_CODES' is not exported from '@/lib/domain/types' (imported as 'LINE_CODES').

Import trace for requested module:
./lib/services/batches.ts
./lib/services/state.ts
./app/page.tsx

./lib/services/leaderboard.ts
Attempted import error: 'getActiveRace' is not exported from '@/lib/services/races' (imported as 'getActiveRace').

Import trace for requested module:
./lib/services/leaderboard.ts
./app/leaderboard/page.tsx

./lib/services/state.ts
Attempted import error: 'getActiveRace' is not exported from '@/lib/services/races' (imported as 'getActiveRace').

Import trace for requested module:
./lib/services/state.ts
./app/page.tsx
 ⚠ ./components/station/StationDashboard.tsx
Attempted import error: 'LINE_CODES' is not exported from '@/lib/domain/types' (imported as 'LINE_CODES').

Import trace for requested module:
./components/station/StationDashboard.tsx

./components/station/StationDashboard.tsx
Attempted import error: 'LINE_CODES' is not exported from '@/lib/domain/types' (imported as 'LINE_CODES').

Import trace for requested module:
./components/station/StationDashboard.tsx

./components/station/StationDashboard.tsx
Attempted import error: 'LINE_CODES' is not exported from '@/lib/domain/types' (imported as 'LINE_CODES').

Import trace for requested module:
./components/station/StationDashboard.tsx

./components/station/StationDashboard.tsx
Attempted import error: 'LINE_CODES' is not exported from '@/lib/domain/types' (imported as 'LINE_CODES').

Import trace for requested module:
./components/station/StationDashboard.tsx

./components/station/StationDashboard.tsx
Attempted import error: 'LINE_CODES' is not exported from '@/lib/domain/types' (imported as 'LINE_CODES').

Import trace for requested module:
./components/station/StationDashboard.tsx

./components/station/StationDashboard.tsx
Attempted import error: 'LINE_CODES' is not exported from '@/lib/domain/types' (imported as 'LINE_CODES').

Import trace for requested module:
./components/station/StationDashboard.tsx

./app/admin/page.tsx
Attempted import error: 'getActiveRace' is not exported from '@/lib/services/races' (imported as 'getActiveRace').

Import trace for requested module:
./app/admin/page.tsx

./lib/services/leaderboard.ts
Attempted import error: 'getActiveRace' is not exported from '@/lib/services/races' (imported as 'getActiveRace').

Import trace for requested module:
./lib/services/leaderboard.ts
./app/leaderboard/page.tsx

./lib/services/state.ts
Attempted import error: 'getLineViews' is not exported from '@/lib/services/batches' (imported as 'getLineViews').

Import trace for requested module:
./lib/services/state.ts
./app/page.tsx

./lib/services/state.ts
Attempted import error: 'getActiveRace' is not exported from '@/lib/services/races' (imported as 'getActiveRace').

Import trace for requested module:
./lib/services/state.ts
./app/page.tsx
 ⚠ ./components/station/StationDashboard.tsx
Attempted import error: 'LINE_CODES' is not exported from '@/lib/domain/types' (imported as 'LINE_CODES').

Import trace for requested module:
./components/station/StationDashboard.tsx

./components/station/StationDashboard.tsx
Attempted import error: 'LINE_CODES' is not exported from '@/lib/domain/types' (imported as 'LINE_CODES').

Import trace for requested module:
./components/station/StationDashboard.tsx

./components/station/StationDashboard.tsx
Attempted import error: 'LINE_CODES' is not exported from '@/lib/domain/types' (imported as 'LINE_CODES').

Import trace for requested module:
./components/station/StationDashboard.tsx

./components/station/StationDashboard.tsx
Attempted import error: 'LINE_CODES' is not exported from '@/lib/domain/types' (imported as 'LINE_CODES').

Import trace for requested module:
./components/station/StationDashboard.tsx

./components/station/StationDashboard.tsx
Attempted import error: 'LINE_CODES' is not exported from '@/lib/domain/types' (imported as 'LINE_CODES').

Import trace for requested module:
./components/station/StationDashboard.tsx

./components/station/StationDashboard.tsx
Attempted import error: 'LINE_CODES' is not exported from '@/lib/domain/types' (imported as 'LINE_CODES').

Import trace for requested module:
./components/station/StationDashboard.tsx

./app/admin/page.tsx
Attempted import error: 'getActiveRace' is not exported from '@/lib/services/races' (imported as 'getActiveRace').

Import trace for requested module:
./app/admin/page.tsx

./lib/services/leaderboard.ts
Attempted import error: 'getActiveRace' is not exported from '@/lib/services/races' (imported as 'getActiveRace').

Import trace for requested module:
./lib/services/leaderboard.ts
./app/leaderboard/page.tsx

./lib/services/state.ts
Attempted import error: 'getLineViews' is not exported from '@/lib/services/batches' (imported as 'getLineViews').

Import trace for requested module:
./lib/services/state.ts
./app/page.tsx

./lib/services/state.ts
Attempted import error: 'getActiveRace' is not exported from '@/lib/services/races' (imported as 'getActiveRace').

Import trace for requested module:
./lib/services/state.ts
./app/page.tsx
 ⚠ ./components/station/StationDashboard.tsx
Attempted import error: 'LINE_CODES' is not exported from '@/lib/domain/types' (imported as 'LINE_CODES').

Import trace for requested module:
./components/station/StationDashboard.tsx

./components/station/StationDashboard.tsx
Attempted import error: 'LINE_CODES' is not exported from '@/lib/domain/types' (imported as 'LINE_CODES').

Import trace for requested module:
./components/station/StationDashboard.tsx

./components/station/StationDashboard.tsx
Attempted import error: 'LINE_CODES' is not exported from '@/lib/domain/types' (imported as 'LINE_CODES').

Import trace for requested module:
./components/station/StationDashboard.tsx

./components/station/StationDashboard.tsx
Attempted import error: 'LINE_CODES' is not exported from '@/lib/domain/types' (imported as 'LINE_CODES').

Import trace for requested module:
./components/station/StationDashboard.tsx

./components/station/StationDashboard.tsx
Attempted import error: 'LINE_CODES' is not exported from '@/lib/domain/types' (imported as 'LINE_CODES').

Import trace for requested module:
./components/station/StationDashboard.tsx

./components/station/StationDashboard.tsx
Attempted import error: 'LINE_CODES' is not exported from '@/lib/domain/types' (imported as 'LINE_CODES').

Import trace for requested module:
./components/station/StationDashboard.tsx

./app/admin/page.tsx
Attempted import error: 'getActiveRace' is not exported from '@/lib/services/races' (imported as 'getActiveRace').

Import trace for requested module:
./app/admin/page.tsx

./lib/services/leaderboard.ts
Attempted import error: 'getActiveRace' is not exported from '@/lib/services/races' (imported as 'getActiveRace').

Import trace for requested module:
./lib/services/leaderboard.ts
./app/admin/page.tsx

./lib/services/state.ts
Attempted import error: 'getLineViews' is not exported from '@/lib/services/batches' (imported as 'getLineViews').

Import trace for requested module:
./lib/services/state.ts
./app/page.tsx

./lib/services/state.ts
Attempted import error: 'getActiveRace' is not exported from '@/lib/services/races' (imported as 'getActiveRace').

Import trace for requested module:
./lib/services/state.ts
./app/page.tsx
 ⚠ ./components/station/StationDashboard.tsx
Attempted import error: 'LINE_CODES' is not exported from '@/lib/domain/types' (imported as 'LINE_CODES').

Import trace for requested module:
./components/station/StationDashboard.tsx

./components/station/StationDashboard.tsx
Attempted import error: 'LINE_CODES' is not exported from '@/lib/domain/types' (imported as 'LINE_CODES').

Import trace for requested module:
./components/station/StationDashboard.tsx

./components/station/StationDashboard.tsx
Attempted import error: 'LINE_CODES' is not exported from '@/lib/domain/types' (imported as 'LINE_CODES').

Import trace for requested module:
./components/station/StationDashboard.tsx

./components/station/StationDashboard.tsx
Attempted import error: 'LINE_CODES' is not exported from '@/lib/domain/types' (imported as 'LINE_CODES').

Import trace for requested module:
./components/station/StationDashboard.tsx

./components/station/StationDashboard.tsx
Attempted import error: 'LINE_CODES' is not exported from '@/lib/domain/types' (imported as 'LINE_CODES').

Import trace for requested module:
./components/station/StationDashboard.tsx

./components/station/StationDashboard.tsx
Attempted import error: 'LINE_CODES' is not exported from '@/lib/domain/types' (imported as 'LINE_CODES').

Import trace for requested module:
./components/station/StationDashboard.tsx

./app/admin/page.tsx
Attempted import error: 'getActiveRace' is not exported from '@/lib/services/races' (imported as 'getActiveRace').

Import trace for requested module:
./app/admin/page.tsx

./lib/services/state.ts
Attempted import error: 'getLineViews' is not exported from '@/lib/services/batches' (imported as 'getLineViews').

Import trace for requested module:
./lib/services/state.ts
./app/page.tsx

./lib/services/state.ts
Attempted import error: 'getActiveRace' is not exported from '@/lib/services/races' (imported as 'getActiveRace').

Import trace for requested module:
./lib/services/state.ts
./app/page.tsx
 ⚠ ./components/station/StationDashboard.tsx
Attempted import error: 'LINE_CODES' is not exported from '@/lib/domain/types' (imported as 'LINE_CODES').

Import trace for requested module:
./components/station/StationDashboard.tsx

./components/station/StationDashboard.tsx
Attempted import error: 'LINE_CODES' is not exported from '@/lib/domain/types' (imported as 'LINE_CODES').

Import trace for requested module:
./components/station/StationDashboard.tsx

./components/station/StationDashboard.tsx
Attempted import error: 'LINE_CODES' is not exported from '@/lib/domain/types' (imported as 'LINE_CODES').

Import trace for requested module:
./components/station/StationDashboard.tsx

./components/station/StationDashboard.tsx
Attempted import error: 'LINE_CODES' is not exported from '@/lib/domain/types' (imported as 'LINE_CODES').

Import trace for requested module:
./components/station/StationDashboard.tsx

./components/station/StationDashboard.tsx
Attempted import error: 'LINE_CODES' is not exported from '@/lib/domain/types' (imported as 'LINE_CODES').

Import trace for requested module:
./components/station/StationDashboard.tsx

./components/station/StationDashboard.tsx
Attempted import error: 'LINE_CODES' is not exported from '@/lib/domain/types' (imported as 'LINE_CODES').

Import trace for requested module:
./components/station/StationDashboard.tsx

./app/admin/page.tsx
Attempted import error: 'getActiveRace' is not exported from '@/lib/services/races' (imported as 'getActiveRace').

Import trace for requested module:
./app/admin/page.tsx

./lib/services/state.ts
Attempted import error: 'getLineViews' is not exported from '@/lib/services/batches' (imported as 'getLineViews').

Import trace for requested module:
./lib/services/state.ts
./app/page.tsx

./lib/services/state.ts
Attempted import error: 'getActiveRace' is not exported from '@/lib/services/races' (imported as 'getActiveRace').

Import trace for requested module:
./lib/services/state.ts
./app/page.tsx
 ⚠ ./components/station/StationDashboard.tsx
Attempted import error: 'LINE_CODES' is not exported from '@/lib/domain/types' (imported as 'LINE_CODES').

Import trace for requested module:
./components/station/StationDashboard.tsx

./components/station/StationDashboard.tsx
Attempted import error: 'LINE_CODES' is not exported from '@/lib/domain/types' (imported as 'LINE_CODES').

Import trace for requested module:
./components/station/StationDashboard.tsx

./components/station/StationDashboard.tsx
Attempted import error: 'LINE_CODES' is not exported from '@/lib/domain/types' (imported as 'LINE_CODES').

Import trace for requested module:
./components/station/StationDashboard.tsx

./components/station/StationDashboard.tsx
Attempted import error: 'LINE_CODES' is not exported from '@/lib/domain/types' (imported as 'LINE_CODES').

Import trace for requested module:
./components/station/StationDashboard.tsx

./components/station/StationDashboard.tsx
Attempted import error: 'LINE_CODES' is not exported from '@/lib/domain/types' (imported as 'LINE_CODES').

Import trace for requested module:
./components/station/StationDashboard.tsx

./components/station/StationDashboard.tsx
Attempted import error: 'LINE_CODES' is not exported from '@/lib/domain/types' (imported as 'LINE_CODES').

Import trace for requested module:
./components/station/StationDashboard.tsx

./app/admin/page.tsx
Attempted import error: 'getActiveRace' is not exported from '@/lib/services/races' (imported as 'getActiveRace').

Import trace for requested module:
./app/admin/page.tsx

./lib/services/state.ts
Attempted import error: 'getLineViews' is not exported from '@/lib/services/batches' (imported as 'getLineViews').

Import trace for requested module:
./lib/services/state.ts
./app/page.tsx

./lib/services/state.ts
Attempted import error: 'getActiveRace' is not exported from '@/lib/services/races' (imported as 'getActiveRace').

Import trace for requested module:
./lib/services/state.ts
./app/page.tsx
 ⚠ ./components/station/StationDashboard.tsx
Attempted import error: 'LINE_CODES' is not exported from '@/lib/domain/types' (imported as 'LINE_CODES').

Import trace for requested module:
./components/station/StationDashboard.tsx

./components/station/StationDashboard.tsx
Attempted import error: 'LINE_CODES' is not exported from '@/lib/domain/types' (imported as 'LINE_CODES').

Import trace for requested module:
./components/station/StationDashboard.tsx

./components/station/StationDashboard.tsx
Attempted import error: 'LINE_CODES' is not exported from '@/lib/domain/types' (imported as 'LINE_CODES').

Import trace for requested module:
./components/station/StationDashboard.tsx

./components/station/StationDashboard.tsx
Attempted import error: 'LINE_CODES' is not exported from '@/lib/domain/types' (imported as 'LINE_CODES').

Import trace for requested module:
./components/station/StationDashboard.tsx

./components/station/StationDashboard.tsx
Attempted import error: 'LINE_CODES' is not exported from '@/lib/domain/types' (imported as 'LINE_CODES').

Import trace for requested module:
./components/station/StationDashboard.tsx

./components/station/StationDashboard.tsx
Attempted import error: 'LINE_CODES' is not exported from '@/lib/domain/types' (imported as 'LINE_CODES').

Import trace for requested module:
./components/station/StationDashboard.tsx

./app/admin/page.tsx
Attempted import error: 'getActiveRace' is not exported from '@/lib/services/races' (imported as 'getActiveRace').

Import trace for requested module:
./app/admin/page.tsx

./lib/services/state.ts
Attempted import error: 'getLineViews' is not exported from '@/lib/services/batches' (imported as 'getLineViews').

Import trace for requested module:
./lib/services/state.ts
./app/page.tsx

./lib/services/state.ts
Attempted import error: 'getActiveRace' is not exported from '@/lib/services/races' (imported as 'getActiveRace').

Import trace for requested module:
./lib/services/state.ts
./app/page.tsx
 ⚠ ./components/station/StationDashboard.tsx
Attempted import error: 'LINE_CODES' is not exported from '@/lib/domain/types' (imported as 'LINE_CODES').

Import trace for requested module:
./components/station/StationDashboard.tsx

./components/station/StationDashboard.tsx
Attempted import error: 'LINE_CODES' is not exported from '@/lib/domain/types' (imported as 'LINE_CODES').

Import trace for requested module:
./components/station/StationDashboard.tsx

./components/station/StationDashboard.tsx
Attempted import error: 'LINE_CODES' is not exported from '@/lib/domain/types' (imported as 'LINE_CODES').

Import trace for requested module:
./components/station/StationDashboard.tsx

./components/station/StationDashboard.tsx
Attempted import error: 'LINE_CODES' is not exported from '@/lib/domain/types' (imported as 'LINE_CODES').

Import trace for requested module:
./components/station/StationDashboard.tsx

./components/station/StationDashboard.tsx
Attempted import error: 'LINE_CODES' is not exported from '@/lib/domain/types' (imported as 'LINE_CODES').

Import trace for requested module:
./components/station/StationDashboard.tsx

./components/station/StationDashboard.tsx
Attempted import error: 'LINE_CODES' is not exported from '@/lib/domain/types' (imported as 'LINE_CODES').

Import trace for requested module:
./components/station/StationDashboard.tsx

./app/admin/page.tsx
Attempted import error: 'getActiveRace' is not exported from '@/lib/services/races' (imported as 'getActiveRace').

Import trace for requested module:
./app/admin/page.tsx
 ⚠ ./components/station/StationDashboard.tsx
Attempted import error: 'LINE_CODES' is not exported from '@/lib/domain/types' (imported as 'LINE_CODES').

Import trace for requested module:
./components/station/StationDashboard.tsx

./components/station/StationDashboard.tsx
Attempted import error: 'LINE_CODES' is not exported from '@/lib/domain/types' (imported as 'LINE_CODES').

Import trace for requested module:
./components/station/StationDashboard.tsx

./components/station/StationDashboard.tsx
Attempted import error: 'LINE_CODES' is not exported from '@/lib/domain/types' (imported as 'LINE_CODES').

Import trace for requested module:
./components/station/StationDashboard.tsx

./components/station/StationDashboard.tsx
Attempted import error: 'LINE_CODES' is not exported from '@/lib/domain/types' (imported as 'LINE_CODES').

Import trace for requested module:
./components/station/StationDashboard.tsx

./components/station/StationDashboard.tsx
Attempted import error: 'LINE_CODES' is not exported from '@/lib/domain/types' (imported as 'LINE_CODES').

Import trace for requested module:
./components/station/StationDashboard.tsx

./components/station/StationDashboard.tsx
Attempted import error: 'LINE_CODES' is not exported from '@/lib/domain/types' (imported as 'LINE_CODES').

Import trace for requested module:
./components/station/StationDashboard.tsx

./app/admin/page.tsx
Attempted import error: 'getActiveRace' is not exported from '@/lib/services/races' (imported as 'getActiveRace').

Import trace for requested module:
./app/admin/page.tsx
 ⚠ ./components/station/StationDashboard.tsx
Attempted import error: 'LINE_CODES' is not exported from '@/lib/domain/types' (imported as 'LINE_CODES').

Import trace for requested module:
./components/station/StationDashboard.tsx

./components/station/StationDashboard.tsx
Attempted import error: 'LINE_CODES' is not exported from '@/lib/domain/types' (imported as 'LINE_CODES').

Import trace for requested module:
./components/station/StationDashboard.tsx

./components/station/StationDashboard.tsx
Attempted import error: 'LINE_CODES' is not exported from '@/lib/domain/types' (imported as 'LINE_CODES').

Import trace for requested module:
./components/station/StationDashboard.tsx

./components/station/StationDashboard.tsx
Attempted import error: 'LINE_CODES' is not exported from '@/lib/domain/types' (imported as 'LINE_CODES').

Import trace for requested module:
./components/station/StationDashboard.tsx

./components/station/StationDashboard.tsx
Attempted import error: 'LINE_CODES' is not exported from '@/lib/domain/types' (imported as 'LINE_CODES').

Import trace for requested module:
./components/station/StationDashboard.tsx

./components/station/StationDashboard.tsx
Attempted import error: 'LINE_CODES' is not exported from '@/lib/domain/types' (imported as 'LINE_CODES').

Import trace for requested module:
./components/station/StationDashboard.tsx

./app/admin/page.tsx
Attempted import error: 'getActiveRace' is not exported from '@/lib/services/races' (imported as 'getActiveRace').

Import trace for requested module:
./app/admin/page.tsx
 ⚠ ./components/station/StationDashboard.tsx
Attempted import error: 'LINE_CODES' is not exported from '@/lib/domain/types' (imported as 'LINE_CODES').

Import trace for requested module:
./components/station/StationDashboard.tsx

./components/station/StationDashboard.tsx
Attempted import error: 'LINE_CODES' is not exported from '@/lib/domain/types' (imported as 'LINE_CODES').

Import trace for requested module:
./components/station/StationDashboard.tsx

./components/station/StationDashboard.tsx
Attempted import error: 'LINE_CODES' is not exported from '@/lib/domain/types' (imported as 'LINE_CODES').

Import trace for requested module:
./components/station/StationDashboard.tsx

./components/station/StationDashboard.tsx
Attempted import error: 'LINE_CODES' is not exported from '@/lib/domain/types' (imported as 'LINE_CODES').

Import trace for requested module:
./components/station/StationDashboard.tsx

./components/station/StationDashboard.tsx
Attempted import error: 'LINE_CODES' is not exported from '@/lib/domain/types' (imported as 'LINE_CODES').

Import trace for requested module:
./components/station/StationDashboard.tsx

./components/station/StationDashboard.tsx
Attempted import error: 'LINE_CODES' is not exported from '@/lib/domain/types' (imported as 'LINE_CODES').

Import trace for requested module:
./components/station/StationDashboard.tsx

./app/admin/page.tsx
Attempted import error: 'getActiveRace' is not exported from '@/lib/services/races' (imported as 'getActiveRace').

Import trace for requested module:
./app/admin/page.tsx
 ⚠ ./components/station/StationDashboard.tsx
Attempted import error: 'LINE_CODES' is not exported from '@/lib/domain/types' (imported as 'LINE_CODES').

Import trace for requested module:
./components/station/StationDashboard.tsx

./components/station/StationDashboard.tsx
Attempted import error: 'LINE_CODES' is not exported from '@/lib/domain/types' (imported as 'LINE_CODES').

Import trace for requested module:
./components/station/StationDashboard.tsx

./components/station/StationDashboard.tsx
Attempted import error: 'LINE_CODES' is not exported from '@/lib/domain/types' (imported as 'LINE_CODES').

Import trace for requested module:
./components/station/StationDashboard.tsx

./components/station/StationDashboard.tsx
Attempted import error: 'LINE_CODES' is not exported from '@/lib/domain/types' (imported as 'LINE_CODES').

Import trace for requested module:
./components/station/StationDashboard.tsx

./components/station/StationDashboard.tsx
Attempted import error: 'LINE_CODES' is not exported from '@/lib/domain/types' (imported as 'LINE_CODES').

Import trace for requested module:
./components/station/StationDashboard.tsx

./components/station/StationDashboard.tsx
Attempted import error: 'LINE_CODES' is not exported from '@/lib/domain/types' (imported as 'LINE_CODES').

Import trace for requested module:
./components/station/StationDashboard.tsx

./app/admin/page.tsx
Attempted import error: 'getActiveRace' is not exported from '@/lib/services/races' (imported as 'getActiveRace').

Import trace for requested module:
./app/admin/page.tsx
 ⚠ ./components/station/StationDashboard.tsx
Attempted import error: 'LINE_CODES' is not exported from '@/lib/domain/types' (imported as 'LINE_CODES').

Import trace for requested module:
./components/station/StationDashboard.tsx

./components/station/StationDashboard.tsx
Attempted import error: 'LINE_CODES' is not exported from '@/lib/domain/types' (imported as 'LINE_CODES').

Import trace for requested module:
./components/station/StationDashboard.tsx

./components/station/StationDashboard.tsx
Attempted import error: 'LINE_CODES' is not exported from '@/lib/domain/types' (imported as 'LINE_CODES').

Import trace for requested module:
./components/station/StationDashboard.tsx

./components/station/StationDashboard.tsx
Attempted import error: 'LINE_CODES' is not exported from '@/lib/domain/types' (imported as 'LINE_CODES').

Import trace for requested module:
./components/station/StationDashboard.tsx

./components/station/StationDashboard.tsx
Attempted import error: 'LINE_CODES' is not exported from '@/lib/domain/types' (imported as 'LINE_CODES').

Import trace for requested module:
./components/station/StationDashboard.tsx

./components/station/StationDashboard.tsx
Attempted import error: 'LINE_CODES' is not exported from '@/lib/domain/types' (imported as 'LINE_CODES').

Import trace for requested module:
./components/station/StationDashboard.tsx

./app/admin/page.tsx
Attempted import error: 'getActiveRace' is not exported from '@/lib/services/races' (imported as 'getActiveRace').

Import trace for requested module:
./app/admin/page.tsx
 ⚠ ./components/station/StationDashboard.tsx
Attempted import error: 'LINE_CODES' is not exported from '@/lib/domain/types' (imported as 'LINE_CODES').

Import trace for requested module:
./components/station/StationDashboard.tsx

./components/station/StationDashboard.tsx
Attempted import error: 'LINE_CODES' is not exported from '@/lib/domain/types' (imported as 'LINE_CODES').

Import trace for requested module:
./components/station/StationDashboard.tsx

./components/station/StationDashboard.tsx
Attempted import error: 'LINE_CODES' is not exported from '@/lib/domain/types' (imported as 'LINE_CODES').

Import trace for requested module:
./components/station/StationDashboard.tsx

./components/station/StationDashboard.tsx
Attempted import error: 'LINE_CODES' is not exported from '@/lib/domain/types' (imported as 'LINE_CODES').

Import trace for requested module:
./components/station/StationDashboard.tsx

./components/station/StationDashboard.tsx
Attempted import error: 'LINE_CODES' is not exported from '@/lib/domain/types' (imported as 'LINE_CODES').

Import trace for requested module:
./components/station/StationDashboard.tsx

./components/station/StationDashboard.tsx
Attempted import error: 'LINE_CODES' is not exported from '@/lib/domain/types' (imported as 'LINE_CODES').

Import trace for requested module:
./components/station/StationDashboard.tsx

./app/admin/page.tsx
Attempted import error: 'getActiveRace' is not exported from '@/lib/services/races' (imported as 'getActiveRace').

Import trace for requested module:
./app/admin/page.tsx
 ⚠ ./components/station/StationDashboard.tsx
Attempted import error: 'LINE_CODES' is not exported from '@/lib/domain/types' (imported as 'LINE_CODES').

Import trace for requested module:
./components/station/StationDashboard.tsx

./components/station/StationDashboard.tsx
Attempted import error: 'LINE_CODES' is not exported from '@/lib/domain/types' (imported as 'LINE_CODES').

Import trace for requested module:
./components/station/StationDashboard.tsx

./components/station/StationDashboard.tsx
Attempted import error: 'LINE_CODES' is not exported from '@/lib/domain/types' (imported as 'LINE_CODES').

Import trace for requested module:
./components/station/StationDashboard.tsx

./components/station/StationDashboard.tsx
Attempted import error: 'LINE_CODES' is not exported from '@/lib/domain/types' (imported as 'LINE_CODES').

Import trace for requested module:
./components/station/StationDashboard.tsx

./components/station/StationDashboard.tsx
Attempted import error: 'LINE_CODES' is not exported from '@/lib/domain/types' (imported as 'LINE_CODES').

Import trace for requested module:
./components/station/StationDashboard.tsx

./components/station/StationDashboard.tsx
Attempted import error: 'LINE_CODES' is not exported from '@/lib/domain/types' (imported as 'LINE_CODES').

Import trace for requested module:
./components/station/StationDashboard.tsx

./app/admin/page.tsx
Attempted import error: 'getActiveRace' is not exported from '@/lib/services/races' (imported as 'getActiveRace').

Import trace for requested module:
./app/admin/page.tsx
 ⚠ ./components/history/HistoryView.tsx
Attempted import error: 'LINE_LABELS' is not exported from '@/lib/i18n/he' (imported as 'LINE_LABELS').

Import trace for requested module:
./components/history/HistoryView.tsx

./components/history/HistoryView.tsx
Attempted import error: 'LINE_LABELS' is not exported from '@/lib/i18n/he' (imported as 'LINE_LABELS').

Import trace for requested module:
./components/history/HistoryView.tsx

./components/station/LineCard.tsx
Attempted import error: 'LINE_LABELS' is not exported from '@/lib/i18n/he' (imported as 'LINE_LABELS').

Import trace for requested module:
./components/station/LineCard.tsx
./components/station/StationDashboard.tsx

./components/station/LineCard.tsx
Attempted import error: 'LINE_LABELS' is not exported from '@/lib/i18n/he' (imported as 'LINE_LABELS').

Import trace for requested module:
./components/station/LineCard.tsx
./components/station/StationDashboard.tsx

./components/station/LineCard.tsx
Attempted import error: 'LINE_LABELS' is not exported from '@/lib/i18n/he' (imported as 'LINE_LABELS').

Import trace for requested module:
./components/station/LineCard.tsx
./components/station/StationDashboard.tsx

./components/station/StartBatchDialog.tsx
Attempted import error: 'LINE_LABELS' is not exported from '@/lib/i18n/he' (imported as 'LINE_LABELS').

Import trace for requested module:
./components/station/StartBatchDialog.tsx
./components/station/StationDashboard.tsx

./components/station/StationDashboard.tsx
Attempted import error: 'LINE_CODES' is not exported from '@/lib/domain/types' (imported as 'LINE_CODES').

Import trace for requested module:
./components/station/StationDashboard.tsx

./components/station/StationDashboard.tsx
Attempted import error: 'LINE_CODES' is not exported from '@/lib/domain/types' (imported as 'LINE_CODES').

Import trace for requested module:
./components/station/StationDashboard.tsx

./components/station/StationDashboard.tsx
Attempted import error: 'LINE_CODES' is not exported from '@/lib/domain/types' (imported as 'LINE_CODES').

Import trace for requested module:
./components/station/StationDashboard.tsx

./components/tv/TvMode.tsx
Attempted import error: 'LINE_LABELS' is not exported from '@/lib/i18n/he' (imported as 'LINE_LABELS').

Import trace for requested module:
./components/tv/TvMode.tsx
./components/station/StationDashboard.tsx

./components/history/HistoryView.tsx
Attempted import error: 'LINE_LABELS' is not exported from '@/lib/i18n/he' (imported as 'LINE_LABELS').

Import trace for requested module:
./components/history/HistoryView.tsx

./components/history/HistoryView.tsx
Attempted import error: 'LINE_LABELS' is not exported from '@/lib/i18n/he' (imported as 'LINE_LABELS').

Import trace for requested module:
./components/history/HistoryView.tsx

./components/station/LineCard.tsx
Attempted import error: 'LINE_LABELS' is not exported from '@/lib/i18n/he' (imported as 'LINE_LABELS').

Import trace for requested module:
./components/station/LineCard.tsx
./components/station/StationDashboard.tsx

./components/station/LineCard.tsx
Attempted import error: 'LINE_LABELS' is not exported from '@/lib/i18n/he' (imported as 'LINE_LABELS').

Import trace for requested module:
./components/station/LineCard.tsx
./components/station/StationDashboard.tsx

./components/station/LineCard.tsx
Attempted import error: 'LINE_LABELS' is not exported from '@/lib/i18n/he' (imported as 'LINE_LABELS').

Import trace for requested module:
./components/station/LineCard.tsx
./components/station/StationDashboard.tsx

./components/station/StartBatchDialog.tsx
Attempted import error: 'LINE_LABELS' is not exported from '@/lib/i18n/he' (imported as 'LINE_LABELS').

Import trace for requested module:
./components/station/StartBatchDialog.tsx
./components/station/StationDashboard.tsx

./components/station/StationDashboard.tsx
Attempted import error: 'LINE_CODES' is not exported from '@/lib/domain/types' (imported as 'LINE_CODES').

Import trace for requested module:
./components/station/StationDashboard.tsx

./components/station/StationDashboard.tsx
Attempted import error: 'LINE_CODES' is not exported from '@/lib/domain/types' (imported as 'LINE_CODES').

Import trace for requested module:
./components/station/StationDashboard.tsx

./components/station/StationDashboard.tsx
Attempted import error: 'LINE_CODES' is not exported from '@/lib/domain/types' (imported as 'LINE_CODES').

Import trace for requested module:
./components/station/StationDashboard.tsx

./components/tv/TvMode.tsx
Attempted import error: 'LINE_LABELS' is not exported from '@/lib/i18n/he' (imported as 'LINE_LABELS').

Import trace for requested module:
./components/tv/TvMode.tsx
./components/station/StationDashboard.tsx

./app/admin/page.tsx
Attempted import error: 'getActiveRace' is not exported from '@/lib/services/races' (imported as 'getActiveRace').

Import trace for requested module:
./app/admin/page.tsx
 ⚠ ./components/history/HistoryView.tsx
Attempted import error: 'LINE_LABELS' is not exported from '@/lib/i18n/he' (imported as 'LINE_LABELS').

Import trace for requested module:
./components/history/HistoryView.tsx

./components/history/HistoryView.tsx
Attempted import error: 'LINE_LABELS' is not exported from '@/lib/i18n/he' (imported as 'LINE_LABELS').

Import trace for requested module:
./components/history/HistoryView.tsx

./components/station/LineCard.tsx
Attempted import error: 'LINE_LABELS' is not exported from '@/lib/i18n/he' (imported as 'LINE_LABELS').

Import trace for requested module:
./components/station/LineCard.tsx
./components/station/StationDashboard.tsx

./components/station/LineCard.tsx
Attempted import error: 'LINE_LABELS' is not exported from '@/lib/i18n/he' (imported as 'LINE_LABELS').

Import trace for requested module:
./components/station/LineCard.tsx
./components/station/StationDashboard.tsx

./components/station/LineCard.tsx
Attempted import error: 'LINE_LABELS' is not exported from '@/lib/i18n/he' (imported as 'LINE_LABELS').

Import trace for requested module:
./components/station/LineCard.tsx
./components/station/StationDashboard.tsx

./components/station/StartBatchDialog.tsx
Attempted import error: 'LINE_LABELS' is not exported from '@/lib/i18n/he' (imported as 'LINE_LABELS').

Import trace for requested module:
./components/station/StartBatchDialog.tsx
./components/station/StationDashboard.tsx

./components/station/StationDashboard.tsx
Attempted import error: 'LINE_CODES' is not exported from '@/lib/domain/types' (imported as 'LINE_CODES').

Import trace for requested module:
./components/station/StationDashboard.tsx

./components/station/StationDashboard.tsx
Attempted import error: 'LINE_CODES' is not exported from '@/lib/domain/types' (imported as 'LINE_CODES').

Import trace for requested module:
./components/station/StationDashboard.tsx

./components/station/StationDashboard.tsx
Attempted import error: 'LINE_CODES' is not exported from '@/lib/domain/types' (imported as 'LINE_CODES').

Import trace for requested module:
./components/station/StationDashboard.tsx

./components/tv/TvMode.tsx
Attempted import error: 'LINE_LABELS' is not exported from '@/lib/i18n/he' (imported as 'LINE_LABELS').

Import trace for requested module:
./components/tv/TvMode.tsx
./components/station/StationDashboard.tsx

./components/history/HistoryView.tsx
Attempted import error: 'LINE_LABELS' is not exported from '@/lib/i18n/he' (imported as 'LINE_LABELS').

Import trace for requested module:
./components/history/HistoryView.tsx

./components/history/HistoryView.tsx
Attempted import error: 'LINE_LABELS' is not exported from '@/lib/i18n/he' (imported as 'LINE_LABELS').

Import trace for requested module:
./components/history/HistoryView.tsx

./components/station/LineCard.tsx
Attempted import error: 'LINE_LABELS' is not exported from '@/lib/i18n/he' (imported as 'LINE_LABELS').

Import trace for requested module:
./components/station/LineCard.tsx
./components/station/StationDashboard.tsx

./components/station/LineCard.tsx
Attempted import error: 'LINE_LABELS' is not exported from '@/lib/i18n/he' (imported as 'LINE_LABELS').

Import trace for requested module:
./components/station/LineCard.tsx
./components/station/StationDashboard.tsx

./components/station/LineCard.tsx
Attempted import error: 'LINE_LABELS' is not exported from '@/lib/i18n/he' (imported as 'LINE_LABELS').

Import trace for requested module:
./components/station/LineCard.tsx
./components/station/StationDashboard.tsx

./components/station/StartBatchDialog.tsx
Attempted import error: 'LINE_LABELS' is not exported from '@/lib/i18n/he' (imported as 'LINE_LABELS').

Import trace for requested module:
./components/station/StartBatchDialog.tsx
./components/station/StationDashboard.tsx

./components/station/StationDashboard.tsx
Attempted import error: 'LINE_CODES' is not exported from '@/lib/domain/types' (imported as 'LINE_CODES').

Import trace for requested module:
./components/station/StationDashboard.tsx

./components/station/StationDashboard.tsx
Attempted import error: 'LINE_CODES' is not exported from '@/lib/domain/types' (imported as 'LINE_CODES').

Import trace for requested module:
./components/station/StationDashboard.tsx

./components/station/StationDashboard.tsx
Attempted import error: 'LINE_CODES' is not exported from '@/lib/domain/types' (imported as 'LINE_CODES').

Import trace for requested module:
./components/station/StationDashboard.tsx

./components/tv/TvMode.tsx
Attempted import error: 'LINE_LABELS' is not exported from '@/lib/i18n/he' (imported as 'LINE_LABELS').

Import trace for requested module:
./components/tv/TvMode.tsx
./components/station/StationDashboard.tsx

./app/admin/page.tsx
Attempted import error: 'getActiveRace' is not exported from '@/lib/services/races' (imported as 'getActiveRace').

Import trace for requested module:
./app/admin/page.tsx
 ⚠ ./components/history/HistoryView.tsx
Attempted import error: 'LINE_LABELS' is not exported from '@/lib/i18n/he' (imported as 'LINE_LABELS').

Import trace for requested module:
./components/history/HistoryView.tsx

./components/history/HistoryView.tsx
Attempted import error: 'LINE_LABELS' is not exported from '@/lib/i18n/he' (imported as 'LINE_LABELS').

Import trace for requested module:
./components/history/HistoryView.tsx

./components/station/LineCard.tsx
Attempted import error: 'LINE_LABELS' is not exported from '@/lib/i18n/he' (imported as 'LINE_LABELS').

Import trace for requested module:
./components/station/LineCard.tsx
./components/station/StationDashboard.tsx

./components/station/LineCard.tsx
Attempted import error: 'LINE_LABELS' is not exported from '@/lib/i18n/he' (imported as 'LINE_LABELS').

Import trace for requested module:
./components/station/LineCard.tsx
./components/station/StationDashboard.tsx

./components/station/LineCard.tsx
Attempted import error: 'LINE_LABELS' is not exported from '@/lib/i18n/he' (imported as 'LINE_LABELS').

Import trace for requested module:
./components/station/LineCard.tsx
./components/station/StationDashboard.tsx

./components/station/StartBatchDialog.tsx
Attempted import error: 'LINE_LABELS' is not exported from '@/lib/i18n/he' (imported as 'LINE_LABELS').

Import trace for requested module:
./components/station/StartBatchDialog.tsx
./components/station/StationDashboard.tsx

./components/station/StationDashboard.tsx
Attempted import error: 'LINE_CODES' is not exported from '@/lib/domain/types' (imported as 'LINE_CODES').

Import trace for requested module:
./components/station/StationDashboard.tsx

./components/station/StationDashboard.tsx
Attempted import error: 'LINE_CODES' is not exported from '@/lib/domain/types' (imported as 'LINE_CODES').

Import trace for requested module:
./components/station/StationDashboard.tsx

./components/station/StationDashboard.tsx
Attempted import error: 'LINE_CODES' is not exported from '@/lib/domain/types' (imported as 'LINE_CODES').

Import trace for requested module:
./components/station/StationDashboard.tsx

./components/tv/TvMode.tsx
Attempted import error: 'LINE_LABELS' is not exported from '@/lib/i18n/he' (imported as 'LINE_LABELS').

Import trace for requested module:
./components/tv/TvMode.tsx
./components/station/StationDashboard.tsx

./components/history/HistoryView.tsx
Attempted import error: 'LINE_LABELS' is not exported from '@/lib/i18n/he' (imported as 'LINE_LABELS').

Import trace for requested module:
./components/history/HistoryView.tsx

./components/history/HistoryView.tsx
Attempted import error: 'LINE_LABELS' is not exported from '@/lib/i18n/he' (imported as 'LINE_LABELS').

Import trace for requested module:
./components/history/HistoryView.tsx

./components/station/LineCard.tsx
Attempted import error: 'LINE_LABELS' is not exported from '@/lib/i18n/he' (imported as 'LINE_LABELS').

Import trace for requested module:
./components/station/LineCard.tsx
./components/station/StationDashboard.tsx

./components/station/LineCard.tsx
Attempted import error: 'LINE_LABELS' is not exported from '@/lib/i18n/he' (imported as 'LINE_LABELS').

Import trace for requested module:
./components/station/LineCard.tsx
./components/station/StationDashboard.tsx

./components/station/LineCard.tsx
Attempted import error: 'LINE_LABELS' is not exported from '@/lib/i18n/he' (imported as 'LINE_LABELS').

Import trace for requested module:
./components/station/LineCard.tsx
./components/station/StationDashboard.tsx

./components/station/StartBatchDialog.tsx
Attempted import error: 'LINE_LABELS' is not exported from '@/lib/i18n/he' (imported as 'LINE_LABELS').

Import trace for requested module:
./components/station/StartBatchDialog.tsx
./components/station/StationDashboard.tsx

./components/station/StationDashboard.tsx
Attempted import error: 'LINE_CODES' is not exported from '@/lib/domain/types' (imported as 'LINE_CODES').

Import trace for requested module:
./components/station/StationDashboard.tsx

./components/station/StationDashboard.tsx
Attempted import error: 'LINE_CODES' is not exported from '@/lib/domain/types' (imported as 'LINE_CODES').

Import trace for requested module:
./components/station/StationDashboard.tsx

./components/station/StationDashboard.tsx
Attempted import error: 'LINE_CODES' is not exported from '@/lib/domain/types' (imported as 'LINE_CODES').

Import trace for requested module:
./components/station/StationDashboard.tsx

./components/tv/TvMode.tsx
Attempted import error: 'LINE_LABELS' is not exported from '@/lib/i18n/he' (imported as 'LINE_LABELS').

Import trace for requested module:
./components/tv/TvMode.tsx
./components/station/StationDashboard.tsx

./app/admin/page.tsx
Attempted import error: 'getActiveRace' is not exported from '@/lib/services/races' (imported as 'getActiveRace').

Import trace for requested module:
./app/admin/page.tsx
 ⚠ ./components/history/HistoryView.tsx
Attempted import error: 'LINE_LABELS' is not exported from '@/lib/i18n/he' (imported as 'LINE_LABELS').

Import trace for requested module:
./components/history/HistoryView.tsx

./components/history/HistoryView.tsx
Attempted import error: 'LINE_LABELS' is not exported from '@/lib/i18n/he' (imported as 'LINE_LABELS').

Import trace for requested module:
./components/history/HistoryView.tsx

./components/station/LineCard.tsx
Attempted import error: 'LINE_LABELS' is not exported from '@/lib/i18n/he' (imported as 'LINE_LABELS').

Import trace for requested module:
./components/station/LineCard.tsx
./components/station/StationDashboard.tsx

./components/station/LineCard.tsx
Attempted import error: 'LINE_LABELS' is not exported from '@/lib/i18n/he' (imported as 'LINE_LABELS').

Import trace for requested module:
./components/station/LineCard.tsx
./components/station/StationDashboard.tsx

./components/station/LineCard.tsx
Attempted import error: 'LINE_LABELS' is not exported from '@/lib/i18n/he' (imported as 'LINE_LABELS').

Import trace for requested module:
./components/station/LineCard.tsx
./components/station/StationDashboard.tsx

./components/station/StartBatchDialog.tsx
Attempted import error: 'LINE_LABELS' is not exported from '@/lib/i18n/he' (imported as 'LINE_LABELS').

Import trace for requested module:
./components/station/StartBatchDialog.tsx
./components/station/StationDashboard.tsx

./components/station/StationDashboard.tsx
Attempted import error: 'LINE_CODES' is not exported from '@/lib/domain/types' (imported as 'LINE_CODES').

Import trace for requested module:
./components/station/StationDashboard.tsx

./components/station/StationDashboard.tsx
Attempted import error: 'LINE_CODES' is not exported from '@/lib/domain/types' (imported as 'LINE_CODES').

Import trace for requested module:
./components/station/StationDashboard.tsx

./components/station/StationDashboard.tsx
Attempted import error: 'LINE_CODES' is not exported from '@/lib/domain/types' (imported as 'LINE_CODES').

Import trace for requested module:
./components/station/StationDashboard.tsx

./components/tv/TvMode.tsx
Attempted import error: 'LINE_LABELS' is not exported from '@/lib/i18n/he' (imported as 'LINE_LABELS').

Import trace for requested module:
./components/tv/TvMode.tsx
./components/station/StationDashboard.tsx

./components/history/HistoryView.tsx
Attempted import error: 'LINE_LABELS' is not exported from '@/lib/i18n/he' (imported as 'LINE_LABELS').

Import trace for requested module:
./components/history/HistoryView.tsx

./components/history/HistoryView.tsx
Attempted import error: 'LINE_LABELS' is not exported from '@/lib/i18n/he' (imported as 'LINE_LABELS').

Import trace for requested module:
./components/history/HistoryView.tsx

./components/station/LineCard.tsx
Attempted import error: 'LINE_LABELS' is not exported from '@/lib/i18n/he' (imported as 'LINE_LABELS').

Import trace for requested module:
./components/station/LineCard.tsx
./components/station/StationDashboard.tsx

./components/station/LineCard.tsx
Attempted import error: 'LINE_LABELS' is not exported from '@/lib/i18n/he' (imported as 'LINE_LABELS').

Import trace for requested module:
./components/station/LineCard.tsx
./components/station/StationDashboard.tsx

./components/station/LineCard.tsx
Attempted import error: 'LINE_LABELS' is not exported from '@/lib/i18n/he' (imported as 'LINE_LABELS').

Import trace for requested module:
./components/station/LineCard.tsx
./components/station/StationDashboard.tsx

./components/station/StartBatchDialog.tsx
Attempted import error: 'LINE_LABELS' is not exported from '@/lib/i18n/he' (imported as 'LINE_LABELS').

Import trace for requested module:
./components/station/StartBatchDialog.tsx
./components/station/StationDashboard.tsx

./components/station/StationDashboard.tsx
Attempted import error: 'LINE_CODES' is not exported from '@/lib/domain/types' (imported as 'LINE_CODES').

Import trace for requested module:
./components/station/StationDashboard.tsx

./components/station/StationDashboard.tsx
Attempted import error: 'LINE_CODES' is not exported from '@/lib/domain/types' (imported as 'LINE_CODES').

Import trace for requested module:
./components/station/StationDashboard.tsx

./components/station/StationDashboard.tsx
Attempted import error: 'LINE_CODES' is not exported from '@/lib/domain/types' (imported as 'LINE_CODES').

Import trace for requested module:
./components/station/StationDashboard.tsx

./components/tv/TvMode.tsx
Attempted import error: 'LINE_LABELS' is not exported from '@/lib/i18n/he' (imported as 'LINE_LABELS').

Import trace for requested module:
./components/tv/TvMode.tsx
./components/station/StationDashboard.tsx

./app/admin/page.tsx
Attempted import error: 'getActiveRace' is not exported from '@/lib/services/races' (imported as 'getActiveRace').

Import trace for requested module:
./app/admin/page.tsx
 ⚠ ./components/history/HistoryView.tsx
Attempted import error: 'LINE_LABELS' is not exported from '@/lib/i18n/he' (imported as 'LINE_LABELS').

Import trace for requested module:
./components/history/HistoryView.tsx

./components/history/HistoryView.tsx
Attempted import error: 'LINE_LABELS' is not exported from '@/lib/i18n/he' (imported as 'LINE_LABELS').

Import trace for requested module:
./components/history/HistoryView.tsx

./components/station/LineCard.tsx
Attempted import error: 'LINE_LABELS' is not exported from '@/lib/i18n/he' (imported as 'LINE_LABELS').

Import trace for requested module:
./components/station/LineCard.tsx
./components/station/StationDashboard.tsx

./components/station/LineCard.tsx
Attempted import error: 'LINE_LABELS' is not exported from '@/lib/i18n/he' (imported as 'LINE_LABELS').

Import trace for requested module:
./components/station/LineCard.tsx
./components/station/StationDashboard.tsx

./components/station/LineCard.tsx
Attempted import error: 'LINE_LABELS' is not exported from '@/lib/i18n/he' (imported as 'LINE_LABELS').

Import trace for requested module:
./components/station/LineCard.tsx
./components/station/StationDashboard.tsx

./components/station/StartBatchDialog.tsx
Attempted import error: 'LINE_LABELS' is not exported from '@/lib/i18n/he' (imported as 'LINE_LABELS').

Import trace for requested module:
./components/station/StartBatchDialog.tsx
./components/station/StationDashboard.tsx

./components/station/StationDashboard.tsx
Attempted import error: 'LINE_CODES' is not exported from '@/lib/domain/types' (imported as 'LINE_CODES').

Import trace for requested module:
./components/station/StationDashboard.tsx

./components/station/StationDashboard.tsx
Attempted import error: 'LINE_CODES' is not exported from '@/lib/domain/types' (imported as 'LINE_CODES').

Import trace for requested module:
./components/station/StationDashboard.tsx

./components/station/StationDashboard.tsx
Attempted import error: 'LINE_CODES' is not exported from '@/lib/domain/types' (imported as 'LINE_CODES').

Import trace for requested module:
./components/station/StationDashboard.tsx

./components/tv/TvMode.tsx
Attempted import error: 'LINE_LABELS' is not exported from '@/lib/i18n/he' (imported as 'LINE_LABELS').

Import trace for requested module:
./components/tv/TvMode.tsx
./components/station/StationDashboard.tsx

./components/history/HistoryView.tsx
Attempted import error: 'LINE_LABELS' is not exported from '@/lib/i18n/he' (imported as 'LINE_LABELS').

Import trace for requested module:
./components/history/HistoryView.tsx

./components/history/HistoryView.tsx
Attempted import error: 'LINE_LABELS' is not exported from '@/lib/i18n/he' (imported as 'LINE_LABELS').

Import trace for requested module:
./components/history/HistoryView.tsx

./components/station/LineCard.tsx
Attempted import error: 'LINE_LABELS' is not exported from '@/lib/i18n/he' (imported as 'LINE_LABELS').

Import trace for requested module:
./components/station/LineCard.tsx
./components/station/StationDashboard.tsx

./components/station/LineCard.tsx
Attempted import error: 'LINE_LABELS' is not exported from '@/lib/i18n/he' (imported as 'LINE_LABELS').

Import trace for requested module:
./components/station/LineCard.tsx
./components/station/StationDashboard.tsx

./components/station/LineCard.tsx
Attempted import error: 'LINE_LABELS' is not exported from '@/lib/i18n/he' (imported as 'LINE_LABELS').

Import trace for requested module:
./components/station/LineCard.tsx
./components/station/StationDashboard.tsx

./components/station/StartBatchDialog.tsx
Attempted import error: 'LINE_LABELS' is not exported from '@/lib/i18n/he' (imported as 'LINE_LABELS').

Import trace for requested module:
./components/station/StartBatchDialog.tsx
./components/station/StationDashboard.tsx

./components/station/StationDashboard.tsx
Attempted import error: 'LINE_CODES' is not exported from '@/lib/domain/types' (imported as 'LINE_CODES').

Import trace for requested module:
./components/station/StationDashboard.tsx

./components/station/StationDashboard.tsx
Attempted import error: 'LINE_CODES' is not exported from '@/lib/domain/types' (imported as 'LINE_CODES').

Import trace for requested module:
./components/station/StationDashboard.tsx

./components/station/StationDashboard.tsx
Attempted import error: 'LINE_CODES' is not exported from '@/lib/domain/types' (imported as 'LINE_CODES').

Import trace for requested module:
./components/station/StationDashboard.tsx

./components/tv/TvMode.tsx
Attempted import error: 'LINE_LABELS' is not exported from '@/lib/i18n/he' (imported as 'LINE_LABELS').

Import trace for requested module:
./components/tv/TvMode.tsx
./components/station/StationDashboard.tsx

./app/admin/page.tsx
Attempted import error: 'getActiveRace' is not exported from '@/lib/services/races' (imported as 'getActiveRace').

Import trace for requested module:
./app/admin/page.tsx
 ⚠ ./components/history/HistoryView.tsx
Attempted import error: 'LINE_LABELS' is not exported from '@/lib/i18n/he' (imported as 'LINE_LABELS').

Import trace for requested module:
./components/history/HistoryView.tsx

./components/history/HistoryView.tsx
Attempted import error: 'LINE_LABELS' is not exported from '@/lib/i18n/he' (imported as 'LINE_LABELS').

Import trace for requested module:
./components/history/HistoryView.tsx

./components/station/LineCard.tsx
Attempted import error: 'LINE_LABELS' is not exported from '@/lib/i18n/he' (imported as 'LINE_LABELS').

Import trace for requested module:
./components/station/LineCard.tsx
./components/station/StationDashboard.tsx

./components/station/LineCard.tsx
Attempted import error: 'LINE_LABELS' is not exported from '@/lib/i18n/he' (imported as 'LINE_LABELS').

Import trace for requested module:
./components/station/LineCard.tsx
./components/station/StationDashboard.tsx

./components/station/LineCard.tsx
Attempted import error: 'LINE_LABELS' is not exported from '@/lib/i18n/he' (imported as 'LINE_LABELS').

Import trace for requested module:
./components/station/LineCard.tsx
./components/station/StationDashboard.tsx

./components/station/StartBatchDialog.tsx
Attempted import error: 'LINE_LABELS' is not exported from '@/lib/i18n/he' (imported as 'LINE_LABELS').

Import trace for requested module:
./components/station/StartBatchDialog.tsx
./components/station/StationDashboard.tsx

./components/station/StationDashboard.tsx
Attempted import error: 'LINE_CODES' is not exported from '@/lib/domain/types' (imported as 'LINE_CODES').

Import trace for requested module:
./components/station/StationDashboard.tsx

./components/station/StationDashboard.tsx
Attempted import error: 'LINE_CODES' is not exported from '@/lib/domain/types' (imported as 'LINE_CODES').

Import trace for requested module:
./components/station/StationDashboard.tsx

./components/station/StationDashboard.tsx
Attempted import error: 'LINE_CODES' is not exported from '@/lib/domain/types' (imported as 'LINE_CODES').

Import trace for requested module:
./components/station/StationDashboard.tsx

./components/tv/TvMode.tsx
Attempted import error: 'LINE_LABELS' is not exported from '@/lib/i18n/he' (imported as 'LINE_LABELS').

Import trace for requested module:
./components/tv/TvMode.tsx
./components/station/StationDashboard.tsx

./components/history/HistoryView.tsx
Attempted import error: 'LINE_LABELS' is not exported from '@/lib/i18n/he' (imported as 'LINE_LABELS').

Import trace for requested module:
./components/history/HistoryView.tsx

./components/history/HistoryView.tsx
Attempted import error: 'LINE_LABELS' is not exported from '@/lib/i18n/he' (imported as 'LINE_LABELS').

Import trace for requested module:
./components/history/HistoryView.tsx

./components/station/LineCard.tsx
Attempted import error: 'LINE_LABELS' is not exported from '@/lib/i18n/he' (imported as 'LINE_LABELS').

Import trace for requested module:
./components/station/LineCard.tsx
./components/station/StationDashboard.tsx

./components/station/LineCard.tsx
Attempted import error: 'LINE_LABELS' is not exported from '@/lib/i18n/he' (imported as 'LINE_LABELS').

Import trace for requested module:
./components/station/LineCard.tsx
./components/station/StationDashboard.tsx

./components/station/LineCard.tsx
Attempted import error: 'LINE_LABELS' is not exported from '@/lib/i18n/he' (imported as 'LINE_LABELS').

Import trace for requested module:
./components/station/LineCard.tsx
./components/station/StationDashboard.tsx

./components/station/StartBatchDialog.tsx
Attempted import error: 'LINE_LABELS' is not exported from '@/lib/i18n/he' (imported as 'LINE_LABELS').

Import trace for requested module:
./components/station/StartBatchDialog.tsx
./components/station/StationDashboard.tsx

./components/station/StationDashboard.tsx
Attempted import error: 'LINE_CODES' is not exported from '@/lib/domain/types' (imported as 'LINE_CODES').

Import trace for requested module:
./components/station/StationDashboard.tsx

./components/station/StationDashboard.tsx
Attempted import error: 'LINE_CODES' is not exported from '@/lib/domain/types' (imported as 'LINE_CODES').

Import trace for requested module:
./components/station/StationDashboard.tsx

./components/station/StationDashboard.tsx
Attempted import error: 'LINE_CODES' is not exported from '@/lib/domain/types' (imported as 'LINE_CODES').

Import trace for requested module:
./components/station/StationDashboard.tsx

./components/tv/TvMode.tsx
Attempted import error: 'LINE_LABELS' is not exported from '@/lib/i18n/he' (imported as 'LINE_LABELS').

Import trace for requested module:
./components/tv/TvMode.tsx
./components/station/StationDashboard.tsx

./app/admin/page.tsx
Attempted import error: 'getActiveRace' is not exported from '@/lib/services/races' (imported as 'getActiveRace').

Import trace for requested module:
./app/admin/page.tsx
 ⚠ ./components/history/HistoryView.tsx
Attempted import error: 'LINE_LABELS' is not exported from '@/lib/i18n/he' (imported as 'LINE_LABELS').

Import trace for requested module:
./components/history/HistoryView.tsx

./components/history/HistoryView.tsx
Attempted import error: 'LINE_LABELS' is not exported from '@/lib/i18n/he' (imported as 'LINE_LABELS').

Import trace for requested module:
./components/history/HistoryView.tsx

./components/station/LineCard.tsx
Attempted import error: 'LINE_LABELS' is not exported from '@/lib/i18n/he' (imported as 'LINE_LABELS').

Import trace for requested module:
./components/station/LineCard.tsx
./components/station/StationDashboard.tsx

./components/station/LineCard.tsx
Attempted import error: 'LINE_LABELS' is not exported from '@/lib/i18n/he' (imported as 'LINE_LABELS').

Import trace for requested module:
./components/station/LineCard.tsx
./components/station/StationDashboard.tsx

./components/station/LineCard.tsx
Attempted import error: 'LINE_LABELS' is not exported from '@/lib/i18n/he' (imported as 'LINE_LABELS').

Import trace for requested module:
./components/station/LineCard.tsx
./components/station/StationDashboard.tsx

./components/station/StartBatchDialog.tsx
Attempted import error: 'LINE_LABELS' is not exported from '@/lib/i18n/he' (imported as 'LINE_LABELS').

Import trace for requested module:
./components/station/StartBatchDialog.tsx
./components/station/StationDashboard.tsx

./components/station/StationDashboard.tsx
Attempted import error: 'LINE_CODES' is not exported from '@/lib/domain/types' (imported as 'LINE_CODES').

Import trace for requested module:
./components/station/StationDashboard.tsx

./components/station/StationDashboard.tsx
Attempted import error: 'LINE_CODES' is not exported from '@/lib/domain/types' (imported as 'LINE_CODES').

Import trace for requested module:
./components/station/StationDashboard.tsx

./components/station/StationDashboard.tsx
Attempted import error: 'LINE_CODES' is not exported from '@/lib/domain/types' (imported as 'LINE_CODES').

Import trace for requested module:
./components/station/StationDashboard.tsx

./components/tv/TvMode.tsx
Attempted import error: 'LINE_LABELS' is not exported from '@/lib/i18n/he' (imported as 'LINE_LABELS').

Import trace for requested module:
./components/tv/TvMode.tsx
./components/station/StationDashboard.tsx

./components/history/HistoryView.tsx
Attempted import error: 'LINE_LABELS' is not exported from '@/lib/i18n/he' (imported as 'LINE_LABELS').

Import trace for requested module:
./components/history/HistoryView.tsx

./components/history/HistoryView.tsx
Attempted import error: 'LINE_LABELS' is not exported from '@/lib/i18n/he' (imported as 'LINE_LABELS').

Import trace for requested module:
./components/history/HistoryView.tsx

./components/station/LineCard.tsx
Attempted import error: 'LINE_LABELS' is not exported from '@/lib/i18n/he' (imported as 'LINE_LABELS').

Import trace for requested module:
./components/station/LineCard.tsx
./components/station/StationDashboard.tsx

./components/station/LineCard.tsx
Attempted import error: 'LINE_LABELS' is not exported from '@/lib/i18n/he' (imported as 'LINE_LABELS').

Import trace for requested module:
./components/station/LineCard.tsx
./components/station/StationDashboard.tsx

./components/station/LineCard.tsx
Attempted import error: 'LINE_LABELS' is not exported from '@/lib/i18n/he' (imported as 'LINE_LABELS').

Import trace for requested module:
./components/station/LineCard.tsx
./components/station/StationDashboard.tsx

./components/station/StartBatchDialog.tsx
Attempted import error: 'LINE_LABELS' is not exported from '@/lib/i18n/he' (imported as 'LINE_LABELS').

Import trace for requested module:
./components/station/StartBatchDialog.tsx
./components/station/StationDashboard.tsx

./components/station/StationDashboard.tsx
Attempted import error: 'LINE_CODES' is not exported from '@/lib/domain/types' (imported as 'LINE_CODES').

Import trace for requested module:
./components/station/StationDashboard.tsx

./components/station/StationDashboard.tsx
Attempted import error: 'LINE_CODES' is not exported from '@/lib/domain/types' (imported as 'LINE_CODES').

Import trace for requested module:
./components/station/StationDashboard.tsx

./components/station/StationDashboard.tsx
Attempted import error: 'LINE_CODES' is not exported from '@/lib/domain/types' (imported as 'LINE_CODES').

Import trace for requested module:
./components/station/StationDashboard.tsx

./components/tv/TvMode.tsx
Attempted import error: 'LINE_LABELS' is not exported from '@/lib/i18n/he' (imported as 'LINE_LABELS').

Import trace for requested module:
./components/tv/TvMode.tsx
./components/station/StationDashboard.tsx

./app/admin/page.tsx
Attempted import error: 'getActiveRace' is not exported from '@/lib/services/races' (imported as 'getActiveRace').

Import trace for requested module:
./app/admin/page.tsx
 ⚠ ./components/history/HistoryView.tsx
Attempted import error: 'LINE_LABELS' is not exported from '@/lib/i18n/he' (imported as 'LINE_LABELS').

Import trace for requested module:
./components/history/HistoryView.tsx

./components/history/HistoryView.tsx
Attempted import error: 'LINE_LABELS' is not exported from '@/lib/i18n/he' (imported as 'LINE_LABELS').

Import trace for requested module:
./components/history/HistoryView.tsx

./components/station/LineCard.tsx
Attempted import error: 'LINE_LABELS' is not exported from '@/lib/i18n/he' (imported as 'LINE_LABELS').

Import trace for requested module:
./components/station/LineCard.tsx
./components/station/StationDashboard.tsx

./components/station/LineCard.tsx
Attempted import error: 'LINE_LABELS' is not exported from '@/lib/i18n/he' (imported as 'LINE_LABELS').

Import trace for requested module:
./components/station/LineCard.tsx
./components/station/StationDashboard.tsx

./components/station/LineCard.tsx
Attempted import error: 'LINE_LABELS' is not exported from '@/lib/i18n/he' (imported as 'LINE_LABELS').

Import trace for requested module:
./components/station/LineCard.tsx
./components/station/StationDashboard.tsx

./components/station/StartBatchDialog.tsx
Attempted import error: 'LINE_LABELS' is not exported from '@/lib/i18n/he' (imported as 'LINE_LABELS').

Import trace for requested module:
./components/station/StartBatchDialog.tsx
./components/station/StationDashboard.tsx

./components/station/StationDashboard.tsx
Attempted import error: 'LINE_CODES' is not exported from '@/lib/domain/types' (imported as 'LINE_CODES').

Import trace for requested module:
./components/station/StationDashboard.tsx

./components/station/StationDashboard.tsx
Attempted import error: 'LINE_CODES' is not exported from '@/lib/domain/types' (imported as 'LINE_CODES').

Import trace for requested module:
./components/station/StationDashboard.tsx

./components/station/StationDashboard.tsx
Attempted import error: 'LINE_CODES' is not exported from '@/lib/domain/types' (imported as 'LINE_CODES').

Import trace for requested module:
./components/station/StationDashboard.tsx

./components/tv/TvMode.tsx
Attempted import error: 'LINE_LABELS' is not exported from '@/lib/i18n/he' (imported as 'LINE_LABELS').

Import trace for requested module:
./components/tv/TvMode.tsx
./components/station/StationDashboard.tsx

./components/history/HistoryView.tsx
Attempted import error: 'LINE_LABELS' is not exported from '@/lib/i18n/he' (imported as 'LINE_LABELS').

Import trace for requested module:
./components/history/HistoryView.tsx

./components/history/HistoryView.tsx
Attempted import error: 'LINE_LABELS' is not exported from '@/lib/i18n/he' (imported as 'LINE_LABELS').

Import trace for requested module:
./components/history/HistoryView.tsx

./components/station/LineCard.tsx
Attempted import error: 'LINE_LABELS' is not exported from '@/lib/i18n/he' (imported as 'LINE_LABELS').

Import trace for requested module:
./components/station/LineCard.tsx
./components/station/StationDashboard.tsx

./components/station/LineCard.tsx
Attempted import error: 'LINE_LABELS' is not exported from '@/lib/i18n/he' (imported as 'LINE_LABELS').

Import trace for requested module:
./components/station/LineCard.tsx
./components/station/StationDashboard.tsx

./components/station/LineCard.tsx
Attempted import error: 'LINE_LABELS' is not exported from '@/lib/i18n/he' (imported as 'LINE_LABELS').

Import trace for requested module:
./components/station/LineCard.tsx
./components/station/StationDashboard.tsx

./components/station/StartBatchDialog.tsx
Attempted import error: 'LINE_LABELS' is not exported from '@/lib/i18n/he' (imported as 'LINE_LABELS').

Import trace for requested module:
./components/station/StartBatchDialog.tsx
./components/station/StationDashboard.tsx

./components/station/StationDashboard.tsx
Attempted import error: 'LINE_CODES' is not exported from '@/lib/domain/types' (imported as 'LINE_CODES').

Import trace for requested module:
./components/station/StationDashboard.tsx

./components/station/StationDashboard.tsx
Attempted import error: 'LINE_CODES' is not exported from '@/lib/domain/types' (imported as 'LINE_CODES').

Import trace for requested module:
./components/station/StationDashboard.tsx

./components/station/StationDashboard.tsx
Attempted import error: 'LINE_CODES' is not exported from '@/lib/domain/types' (imported as 'LINE_CODES').

Import trace for requested module:
./components/station/StationDashboard.tsx

./components/tv/TvMode.tsx
Attempted import error: 'LINE_LABELS' is not exported from '@/lib/i18n/he' (imported as 'LINE_LABELS').

Import trace for requested module:
./components/tv/TvMode.tsx
./components/station/StationDashboard.tsx

./app/admin/page.tsx
Attempted import error: 'getActiveRace' is not exported from '@/lib/services/races' (imported as 'getActiveRace').

Import trace for requested module:
./app/admin/page.tsx
 ⚠ ./components/history/HistoryView.tsx
Attempted import error: 'LINE_LABELS' is not exported from '@/lib/i18n/he' (imported as 'LINE_LABELS').

Import trace for requested module:
./components/history/HistoryView.tsx

./components/history/HistoryView.tsx
Attempted import error: 'LINE_LABELS' is not exported from '@/lib/i18n/he' (imported as 'LINE_LABELS').

Import trace for requested module:
./components/history/HistoryView.tsx

./components/station/LineCard.tsx
Attempted import error: 'LINE_LABELS' is not exported from '@/lib/i18n/he' (imported as 'LINE_LABELS').

Import trace for requested module:
./components/station/LineCard.tsx
./components/station/StationDashboard.tsx

./components/station/LineCard.tsx
Attempted import error: 'LINE_LABELS' is not exported from '@/lib/i18n/he' (imported as 'LINE_LABELS').

Import trace for requested module:
./components/station/LineCard.tsx
./components/station/StationDashboard.tsx

./components/station/LineCard.tsx
Attempted import error: 'LINE_LABELS' is not exported from '@/lib/i18n/he' (imported as 'LINE_LABELS').

Import trace for requested module:
./components/station/LineCard.tsx
./components/station/StationDashboard.tsx

./components/station/StartBatchDialog.tsx
Attempted import error: 'LINE_LABELS' is not exported from '@/lib/i18n/he' (imported as 'LINE_LABELS').

Import trace for requested module:
./components/station/StartBatchDialog.tsx
./components/station/StationDashboard.tsx

./components/station/StationDashboard.tsx
Attempted import error: 'LINE_CODES' is not exported from '@/lib/domain/types' (imported as 'LINE_CODES').

Import trace for requested module:
./components/station/StationDashboard.tsx

./components/station/StationDashboard.tsx
Attempted import error: 'LINE_CODES' is not exported from '@/lib/domain/types' (imported as 'LINE_CODES').

Import trace for requested module:
./components/station/StationDashboard.tsx

./components/station/StationDashboard.tsx
Attempted import error: 'LINE_CODES' is not exported from '@/lib/domain/types' (imported as 'LINE_CODES').

Import trace for requested module:
./components/station/StationDashboard.tsx

./components/tv/TvMode.tsx
Attempted import error: 'LINE_LABELS' is not exported from '@/lib/i18n/he' (imported as 'LINE_LABELS').

Import trace for requested module:
./components/tv/TvMode.tsx
./components/station/StationDashboard.tsx

./components/history/HistoryView.tsx
Attempted import error: 'LINE_LABELS' is not exported from '@/lib/i18n/he' (imported as 'LINE_LABELS').

Import trace for requested module:
./components/history/HistoryView.tsx

./components/history/HistoryView.tsx
Attempted import error: 'LINE_LABELS' is not exported from '@/lib/i18n/he' (imported as 'LINE_LABELS').

Import trace for requested module:
./components/history/HistoryView.tsx

./components/station/LineCard.tsx
Attempted import error: 'LINE_LABELS' is not exported from '@/lib/i18n/he' (imported as 'LINE_LABELS').

Import trace for requested module:
./components/station/LineCard.tsx
./components/station/StationDashboard.tsx

./components/station/LineCard.tsx
Attempted import error: 'LINE_LABELS' is not exported from '@/lib/i18n/he' (imported as 'LINE_LABELS').

Import trace for requested module:
./components/station/LineCard.tsx
./components/station/StationDashboard.tsx

./components/station/LineCard.tsx
Attempted import error: 'LINE_LABELS' is not exported from '@/lib/i18n/he' (imported as 'LINE_LABELS').

Import trace for requested module:
./components/station/LineCard.tsx
./components/station/StationDashboard.tsx

./components/station/StartBatchDialog.tsx
Attempted import error: 'LINE_LABELS' is not exported from '@/lib/i18n/he' (imported as 'LINE_LABELS').

Import trace for requested module:
./components/station/StartBatchDialog.tsx
./components/station/StationDashboard.tsx

./components/station/StationDashboard.tsx
Attempted import error: 'LINE_CODES' is not exported from '@/lib/domain/types' (imported as 'LINE_CODES').

Import trace for requested module:
./components/station/StationDashboard.tsx

./components/station/StationDashboard.tsx
Attempted import error: 'LINE_CODES' is not exported from '@/lib/domain/types' (imported as 'LINE_CODES').

Import trace for requested module:
./components/station/StationDashboard.tsx

./components/station/StationDashboard.tsx
Attempted import error: 'LINE_CODES' is not exported from '@/lib/domain/types' (imported as 'LINE_CODES').

Import trace for requested module:
./components/station/StationDashboard.tsx

./components/tv/TvMode.tsx
Attempted import error: 'LINE_LABELS' is not exported from '@/lib/i18n/he' (imported as 'LINE_LABELS').

Import trace for requested module:
./components/tv/TvMode.tsx
./components/station/StationDashboard.tsx

./app/admin/page.tsx
Attempted import error: 'getActiveRace' is not exported from '@/lib/services/races' (imported as 'getActiveRace').

Import trace for requested module:
./app/admin/page.tsx
 ⚠ ./components/history/HistoryView.tsx
Attempted import error: 'LINE_LABELS' is not exported from '@/lib/i18n/he' (imported as 'LINE_LABELS').

Import trace for requested module:
./components/history/HistoryView.tsx

./components/history/HistoryView.tsx
Attempted import error: 'LINE_LABELS' is not exported from '@/lib/i18n/he' (imported as 'LINE_LABELS').

Import trace for requested module:
./components/history/HistoryView.tsx

./components/station/LineCard.tsx
Attempted import error: 'LINE_LABELS' is not exported from '@/lib/i18n/he' (imported as 'LINE_LABELS').

Import trace for requested module:
./components/station/LineCard.tsx
./components/station/StationDashboard.tsx

./components/station/LineCard.tsx
Attempted import error: 'LINE_LABELS' is not exported from '@/lib/i18n/he' (imported as 'LINE_LABELS').

Import trace for requested module:
./components/station/LineCard.tsx
./components/station/StationDashboard.tsx

./components/station/LineCard.tsx
Attempted import error: 'LINE_LABELS' is not exported from '@/lib/i18n/he' (imported as 'LINE_LABELS').

Import trace for requested module:
./components/station/LineCard.tsx
./components/station/StationDashboard.tsx

./components/station/StartBatchDialog.tsx
Attempted import error: 'LINE_LABELS' is not exported from '@/lib/i18n/he' (imported as 'LINE_LABELS').

Import trace for requested module:
./components/station/StartBatchDialog.tsx
./components/station/StationDashboard.tsx

./components/station/StationDashboard.tsx
Attempted import error: 'LINE_CODES' is not exported from '@/lib/domain/types' (imported as 'LINE_CODES').

Import trace for requested module:
./components/station/StationDashboard.tsx

./components/station/StationDashboard.tsx
Attempted import error: 'LINE_CODES' is not exported from '@/lib/domain/types' (imported as 'LINE_CODES').

Import trace for requested module:
./components/station/StationDashboard.tsx

./components/station/StationDashboard.tsx
Attempted import error: 'LINE_CODES' is not exported from '@/lib/domain/types' (imported as 'LINE_CODES').

Import trace for requested module:
./components/station/StationDashboard.tsx

./components/tv/TvMode.tsx
Attempted import error: 'LINE_LABELS' is not exported from '@/lib/i18n/he' (imported as 'LINE_LABELS').

Import trace for requested module:
./components/tv/TvMode.tsx
./components/station/StationDashboard.tsx

./components/history/HistoryView.tsx
Attempted import error: 'LINE_LABELS' is not exported from '@/lib/i18n/he' (imported as 'LINE_LABELS').

Import trace for requested module:
./components/history/HistoryView.tsx

./components/history/HistoryView.tsx
Attempted import error: 'LINE_LABELS' is not exported from '@/lib/i18n/he' (imported as 'LINE_LABELS').

Import trace for requested module:
./components/history/HistoryView.tsx

./components/station/LineCard.tsx
Attempted import error: 'LINE_LABELS' is not exported from '@/lib/i18n/he' (imported as 'LINE_LABELS').

Import trace for requested module:
./components/station/LineCard.tsx
./components/station/StationDashboard.tsx

./components/station/LineCard.tsx
Attempted import error: 'LINE_LABELS' is not exported from '@/lib/i18n/he' (imported as 'LINE_LABELS').

Import trace for requested module:
./components/station/LineCard.tsx
./components/station/StationDashboard.tsx

./components/station/LineCard.tsx
Attempted import error: 'LINE_LABELS' is not exported from '@/lib/i18n/he' (imported as 'LINE_LABELS').

Import trace for requested module:
./components/station/LineCard.tsx
./components/station/StationDashboard.tsx

./components/station/StartBatchDialog.tsx
Attempted import error: 'LINE_LABELS' is not exported from '@/lib/i18n/he' (imported as 'LINE_LABELS').

Import trace for requested module:
./components/station/StartBatchDialog.tsx
./components/station/StationDashboard.tsx

./components/station/StationDashboard.tsx
Attempted import error: 'LINE_CODES' is not exported from '@/lib/domain/types' (imported as 'LINE_CODES').

Import trace for requested module:
./components/station/StationDashboard.tsx

./components/station/StationDashboard.tsx
Attempted import error: 'LINE_CODES' is not exported from '@/lib/domain/types' (imported as 'LINE_CODES').

Import trace for requested module:
./components/station/StationDashboard.tsx

./components/station/StationDashboard.tsx
Attempted import error: 'LINE_CODES' is not exported from '@/lib/domain/types' (imported as 'LINE_CODES').

Import trace for requested module:
./components/station/StationDashboard.tsx

./components/tv/TvMode.tsx
Attempted import error: 'LINE_LABELS' is not exported from '@/lib/i18n/he' (imported as 'LINE_LABELS').

Import trace for requested module:
./components/tv/TvMode.tsx
./components/station/StationDashboard.tsx

./app/admin/page.tsx
Attempted import error: 'getActiveRace' is not exported from '@/lib/services/races' (imported as 'getActiveRace').

Import trace for requested module:
./app/admin/page.tsx
 ⚠ ./components/history/HistoryView.tsx
Attempted import error: 'LINE_LABELS' is not exported from '@/lib/i18n/he' (imported as 'LINE_LABELS').

Import trace for requested module:
./components/history/HistoryView.tsx

./components/history/HistoryView.tsx
Attempted import error: 'LINE_LABELS' is not exported from '@/lib/i18n/he' (imported as 'LINE_LABELS').

Import trace for requested module:
./components/history/HistoryView.tsx

./components/station/LineCard.tsx
Attempted import error: 'LINE_LABELS' is not exported from '@/lib/i18n/he' (imported as 'LINE_LABELS').

Import trace for requested module:
./components/station/LineCard.tsx
./components/station/StationDashboard.tsx

./components/station/LineCard.tsx
Attempted import error: 'LINE_LABELS' is not exported from '@/lib/i18n/he' (imported as 'LINE_LABELS').

Import trace for requested module:
./components/station/LineCard.tsx
./components/station/StationDashboard.tsx

./components/station/LineCard.tsx
Attempted import error: 'LINE_LABELS' is not exported from '@/lib/i18n/he' (imported as 'LINE_LABELS').

Import trace for requested module:
./components/station/LineCard.tsx
./components/station/StationDashboard.tsx

./components/station/StartBatchDialog.tsx
Attempted import error: 'LINE_LABELS' is not exported from '@/lib/i18n/he' (imported as 'LINE_LABELS').

Import trace for requested module:
./components/station/StartBatchDialog.tsx
./components/station/StationDashboard.tsx

./components/station/StationDashboard.tsx
Attempted import error: 'LINE_CODES' is not exported from '@/lib/domain/types' (imported as 'LINE_CODES').

Import trace for requested module:
./components/station/StationDashboard.tsx

./components/station/StationDashboard.tsx
Attempted import error: 'LINE_CODES' is not exported from '@/lib/domain/types' (imported as 'LINE_CODES').

Import trace for requested module:
./components/station/StationDashboard.tsx

./components/station/StationDashboard.tsx
Attempted import error: 'LINE_CODES' is not exported from '@/lib/domain/types' (imported as 'LINE_CODES').

Import trace for requested module:
./components/station/StationDashboard.tsx

./components/tv/TvMode.tsx
Attempted import error: 'LINE_LABELS' is not exported from '@/lib/i18n/he' (imported as 'LINE_LABELS').

Import trace for requested module:
./components/tv/TvMode.tsx
./components/station/StationDashboard.tsx

./components/history/HistoryView.tsx
Attempted import error: 'LINE_LABELS' is not exported from '@/lib/i18n/he' (imported as 'LINE_LABELS').

Import trace for requested module:
./components/history/HistoryView.tsx

./components/history/HistoryView.tsx
Attempted import error: 'LINE_LABELS' is not exported from '@/lib/i18n/he' (imported as 'LINE_LABELS').

Import trace for requested module:
./components/history/HistoryView.tsx

./components/station/LineCard.tsx
Attempted import error: 'LINE_LABELS' is not exported from '@/lib/i18n/he' (imported as 'LINE_LABELS').

Import trace for requested module:
./components/station/LineCard.tsx
./components/station/StationDashboard.tsx

./components/station/LineCard.tsx
Attempted import error: 'LINE_LABELS' is not exported from '@/lib/i18n/he' (imported as 'LINE_LABELS').

Import trace for requested module:
./components/station/LineCard.tsx
./components/station/StationDashboard.tsx

./components/station/LineCard.tsx
Attempted import error: 'LINE_LABELS' is not exported from '@/lib/i18n/he' (imported as 'LINE_LABELS').

Import trace for requested module:
./components/station/LineCard.tsx
./components/station/StationDashboard.tsx

./components/station/StartBatchDialog.tsx
Attempted import error: 'LINE_LABELS' is not exported from '@/lib/i18n/he' (imported as 'LINE_LABELS').

Import trace for requested module:
./components/station/StartBatchDialog.tsx
./components/station/StationDashboard.tsx

./components/station/StationDashboard.tsx
Attempted import error: 'LINE_CODES' is not exported from '@/lib/domain/types' (imported as 'LINE_CODES').

Import trace for requested module:
./components/station/StationDashboard.tsx

./components/station/StationDashboard.tsx
Attempted import error: 'LINE_CODES' is not exported from '@/lib/domain/types' (imported as 'LINE_CODES').

Import trace for requested module:
./components/station/StationDashboard.tsx

./components/station/StationDashboard.tsx
Attempted import error: 'LINE_CODES' is not exported from '@/lib/domain/types' (imported as 'LINE_CODES').

Import trace for requested module:
./components/station/StationDashboard.tsx

./components/tv/TvMode.tsx
Attempted import error: 'LINE_LABELS' is not exported from '@/lib/i18n/he' (imported as 'LINE_LABELS').

Import trace for requested module:
./components/tv/TvMode.tsx
./components/station/StationDashboard.tsx

./app/admin/page.tsx
Attempted import error: 'getActiveRace' is not exported from '@/lib/services/races' (imported as 'getActiveRace').

Import trace for requested module:
./app/admin/page.tsx
 ⚠ ./components/history/HistoryView.tsx
Attempted import error: 'LINE_LABELS' is not exported from '@/lib/i18n/he' (imported as 'LINE_LABELS').

Import trace for requested module:
./components/history/HistoryView.tsx

./components/history/HistoryView.tsx
Attempted import error: 'LINE_LABELS' is not exported from '@/lib/i18n/he' (imported as 'LINE_LABELS').

Import trace for requested module:
./components/history/HistoryView.tsx

./components/station/LineCard.tsx
Attempted import error: 'LINE_LABELS' is not exported from '@/lib/i18n/he' (imported as 'LINE_LABELS').

Import trace for requested module:
./components/station/LineCard.tsx
./components/station/StationDashboard.tsx

./components/station/LineCard.tsx
Attempted import error: 'LINE_LABELS' is not exported from '@/lib/i18n/he' (imported as 'LINE_LABELS').

Import trace for requested module:
./components/station/LineCard.tsx
./components/station/StationDashboard.tsx

./components/station/LineCard.tsx
Attempted import error: 'LINE_LABELS' is not exported from '@/lib/i18n/he' (imported as 'LINE_LABELS').

Import trace for requested module:
./components/station/LineCard.tsx
./components/station/StationDashboard.tsx

./components/station/StartBatchDialog.tsx
Attempted import error: 'LINE_LABELS' is not exported from '@/lib/i18n/he' (imported as 'LINE_LABELS').

Import trace for requested module:
./components/station/StartBatchDialog.tsx
./components/station/StationDashboard.tsx

./components/station/StationDashboard.tsx
Attempted import error: 'LINE_CODES' is not exported from '@/lib/domain/types' (imported as 'LINE_CODES').

Import trace for requested module:
./components/station/StationDashboard.tsx

./components/station/StationDashboard.tsx
Attempted import error: 'LINE_CODES' is not exported from '@/lib/domain/types' (imported as 'LINE_CODES').

Import trace for requested module:
./components/station/StationDashboard.tsx

./components/station/StationDashboard.tsx
Attempted import error: 'LINE_CODES' is not exported from '@/lib/domain/types' (imported as 'LINE_CODES').

Import trace for requested module:
./components/station/StationDashboard.tsx

./components/tv/TvMode.tsx
Attempted import error: 'LINE_LABELS' is not exported from '@/lib/i18n/he' (imported as 'LINE_LABELS').

Import trace for requested module:
./components/tv/TvMode.tsx
./components/station/StationDashboard.tsx

./components/history/HistoryView.tsx
Attempted import error: 'LINE_LABELS' is not exported from '@/lib/i18n/he' (imported as 'LINE_LABELS').

Import trace for requested module:
./components/history/HistoryView.tsx

./components/history/HistoryView.tsx
Attempted import error: 'LINE_LABELS' is not exported from '@/lib/i18n/he' (imported as 'LINE_LABELS').

Import trace for requested module:
./components/history/HistoryView.tsx

./components/station/LineCard.tsx
Attempted import error: 'LINE_LABELS' is not exported from '@/lib/i18n/he' (imported as 'LINE_LABELS').

Import trace for requested module:
./components/station/LineCard.tsx
./components/station/StationDashboard.tsx

./components/station/LineCard.tsx
Attempted import error: 'LINE_LABELS' is not exported from '@/lib/i18n/he' (imported as 'LINE_LABELS').

Import trace for requested module:
./components/station/LineCard.tsx
./components/station/StationDashboard.tsx

./components/station/LineCard.tsx
Attempted import error: 'LINE_LABELS' is not exported from '@/lib/i18n/he' (imported as 'LINE_LABELS').

Import trace for requested module:
./components/station/LineCard.tsx
./components/station/StationDashboard.tsx

./components/station/StartBatchDialog.tsx
Attempted import error: 'LINE_LABELS' is not exported from '@/lib/i18n/he' (imported as 'LINE_LABELS').

Import trace for requested module:
./components/station/StartBatchDialog.tsx
./components/station/StationDashboard.tsx

./components/station/StationDashboard.tsx
Attempted import error: 'LINE_CODES' is not exported from '@/lib/domain/types' (imported as 'LINE_CODES').

Import trace for requested module:
./components/station/StationDashboard.tsx

./components/station/StationDashboard.tsx
Attempted import error: 'LINE_CODES' is not exported from '@/lib/domain/types' (imported as 'LINE_CODES').

Import trace for requested module:
./components/station/StationDashboard.tsx

./components/station/StationDashboard.tsx
Attempted import error: 'LINE_CODES' is not exported from '@/lib/domain/types' (imported as 'LINE_CODES').

Import trace for requested module:
./components/station/StationDashboard.tsx

./components/tv/TvMode.tsx
Attempted import error: 'LINE_LABELS' is not exported from '@/lib/i18n/he' (imported as 'LINE_LABELS').

Import trace for requested module:
./components/tv/TvMode.tsx
./components/station/StationDashboard.tsx

./app/admin/page.tsx
Attempted import error: 'getActiveRace' is not exported from '@/lib/services/races' (imported as 'getActiveRace').

Import trace for requested module:
./app/admin/page.tsx
 ⚠ ./components/history/HistoryView.tsx
Attempted import error: 'LINE_LABELS' is not exported from '@/lib/i18n/he' (imported as 'LINE_LABELS').

Import trace for requested module:
./components/history/HistoryView.tsx

./components/history/HistoryView.tsx
Attempted import error: 'LINE_LABELS' is not exported from '@/lib/i18n/he' (imported as 'LINE_LABELS').

Import trace for requested module:
./components/history/HistoryView.tsx

./components/station/LineCard.tsx
Attempted import error: 'LINE_LABELS' is not exported from '@/lib/i18n/he' (imported as 'LINE_LABELS').

Import trace for requested module:
./components/station/LineCard.tsx
./components/station/StationDashboard.tsx

./components/station/LineCard.tsx
Attempted import error: 'LINE_LABELS' is not exported from '@/lib/i18n/he' (imported as 'LINE_LABELS').

Import trace for requested module:
./components/station/LineCard.tsx
./components/station/StationDashboard.tsx

./components/station/LineCard.tsx
Attempted import error: 'LINE_LABELS' is not exported from '@/lib/i18n/he' (imported as 'LINE_LABELS').

Import trace for requested module:
./components/station/LineCard.tsx
./components/station/StationDashboard.tsx

./components/station/StartBatchDialog.tsx
Attempted import error: 'LINE_LABELS' is not exported from '@/lib/i18n/he' (imported as 'LINE_LABELS').

Import trace for requested module:
./components/station/StartBatchDialog.tsx
./components/station/StationDashboard.tsx

./components/station/StationDashboard.tsx
Attempted import error: 'LINE_CODES' is not exported from '@/lib/domain/types' (imported as 'LINE_CODES').

Import trace for requested module:
./components/station/StationDashboard.tsx

./components/station/StationDashboard.tsx
Attempted import error: 'LINE_CODES' is not exported from '@/lib/domain/types' (imported as 'LINE_CODES').

Import trace for requested module:
./components/station/StationDashboard.tsx

./components/station/StationDashboard.tsx
Attempted import error: 'LINE_CODES' is not exported from '@/lib/domain/types' (imported as 'LINE_CODES').

Import trace for requested module:
./components/station/StationDashboard.tsx

./components/tv/TvMode.tsx
Attempted import error: 'LINE_LABELS' is not exported from '@/lib/i18n/he' (imported as 'LINE_LABELS').

Import trace for requested module:
./components/tv/TvMode.tsx
./components/station/StationDashboard.tsx

./components/history/HistoryView.tsx
Attempted import error: 'LINE_LABELS' is not exported from '@/lib/i18n/he' (imported as 'LINE_LABELS').

Import trace for requested module:
./components/history/HistoryView.tsx

./components/history/HistoryView.tsx
Attempted import error: 'LINE_LABELS' is not exported from '@/lib/i18n/he' (imported as 'LINE_LABELS').

Import trace for requested module:
./components/history/HistoryView.tsx

./components/station/LineCard.tsx
Attempted import error: 'LINE_LABELS' is not exported from '@/lib/i18n/he' (imported as 'LINE_LABELS').

Import trace for requested module:
./components/station/LineCard.tsx
./components/station/StationDashboard.tsx

./components/station/LineCard.tsx
Attempted import error: 'LINE_LABELS' is not exported from '@/lib/i18n/he' (imported as 'LINE_LABELS').

Import trace for requested module:
./components/station/LineCard.tsx
./components/station/StationDashboard.tsx

./components/station/LineCard.tsx
Attempted import error: 'LINE_LABELS' is not exported from '@/lib/i18n/he' (imported as 'LINE_LABELS').

Import trace for requested module:
./components/station/LineCard.tsx
./components/station/StationDashboard.tsx

./components/station/StartBatchDialog.tsx
Attempted import error: 'LINE_LABELS' is not exported from '@/lib/i18n/he' (imported as 'LINE_LABELS').

Import trace for requested module:
./components/station/StartBatchDialog.tsx
./components/station/StationDashboard.tsx

./components/station/StationDashboard.tsx
Attempted import error: 'LINE_CODES' is not exported from '@/lib/domain/types' (imported as 'LINE_CODES').

Import trace for requested module:
./components/station/StationDashboard.tsx

./components/station/StationDashboard.tsx
Attempted import error: 'LINE_CODES' is not exported from '@/lib/domain/types' (imported as 'LINE_CODES').

Import trace for requested module:
./components/station/StationDashboard.tsx

./components/station/StationDashboard.tsx
Attempted import error: 'LINE_CODES' is not exported from '@/lib/domain/types' (imported as 'LINE_CODES').

Import trace for requested module:
./components/station/StationDashboard.tsx

./components/tv/TvMode.tsx
Attempted import error: 'LINE_LABELS' is not exported from '@/lib/i18n/he' (imported as 'LINE_LABELS').

Import trace for requested module:
./components/tv/TvMode.tsx
./components/station/StationDashboard.tsx

./app/admin/page.tsx
Attempted import error: 'getActiveRace' is not exported from '@/lib/services/races' (imported as 'getActiveRace').

Import trace for requested module:
./app/admin/page.tsx
 ⚠ ./components/history/HistoryView.tsx
Attempted import error: 'LINE_LABELS' is not exported from '@/lib/i18n/he' (imported as 'LINE_LABELS').

Import trace for requested module:
./components/history/HistoryView.tsx

./components/history/HistoryView.tsx
Attempted import error: 'LINE_LABELS' is not exported from '@/lib/i18n/he' (imported as 'LINE_LABELS').

Import trace for requested module:
./components/history/HistoryView.tsx

./components/station/StartBatchDialog.tsx
Attempted import error: 'LINE_LABELS' is not exported from '@/lib/i18n/he' (imported as 'LINE_LABELS').

Import trace for requested module:
./components/station/StartBatchDialog.tsx
./components/station/StationDashboard.tsx

./components/station/StationDashboard.tsx
Attempted import error: 'LINE_CODES' is not exported from '@/lib/domain/types' (imported as 'LINE_CODES').

Import trace for requested module:
./components/station/StationDashboard.tsx

./components/station/StationDashboard.tsx
Attempted import error: 'LINE_CODES' is not exported from '@/lib/domain/types' (imported as 'LINE_CODES').

Import trace for requested module:
./components/station/StationDashboard.tsx

./components/station/StationDashboard.tsx
Attempted import error: 'LINE_CODES' is not exported from '@/lib/domain/types' (imported as 'LINE_CODES').

Import trace for requested module:
./components/station/StationDashboard.tsx

./components/tv/TvMode.tsx
Attempted import error: 'LINE_LABELS' is not exported from '@/lib/i18n/he' (imported as 'LINE_LABELS').

Import trace for requested module:
./components/tv/TvMode.tsx
./components/station/StationDashboard.tsx

./components/history/HistoryView.tsx
Attempted import error: 'LINE_LABELS' is not exported from '@/lib/i18n/he' (imported as 'LINE_LABELS').

Import trace for requested module:
./components/history/HistoryView.tsx

./components/history/HistoryView.tsx
Attempted import error: 'LINE_LABELS' is not exported from '@/lib/i18n/he' (imported as 'LINE_LABELS').

Import trace for requested module:
./components/history/HistoryView.tsx

./components/station/StartBatchDialog.tsx
Attempted import error: 'LINE_LABELS' is not exported from '@/lib/i18n/he' (imported as 'LINE_LABELS').

Import trace for requested module:
./components/station/StartBatchDialog.tsx
./components/station/StationDashboard.tsx

./components/station/StationDashboard.tsx
Attempted import error: 'LINE_CODES' is not exported from '@/lib/domain/types' (imported as 'LINE_CODES').

Import trace for requested module:
./components/station/StationDashboard.tsx

./components/station/StationDashboard.tsx
Attempted import error: 'LINE_CODES' is not exported from '@/lib/domain/types' (imported as 'LINE_CODES').

Import trace for requested module:
./components/station/StationDashboard.tsx

./components/station/StationDashboard.tsx
Attempted import error: 'LINE_CODES' is not exported from '@/lib/domain/types' (imported as 'LINE_CODES').

Import trace for requested module:
./components/station/StationDashboard.tsx

./components/tv/TvMode.tsx
Attempted import error: 'LINE_LABELS' is not exported from '@/lib/i18n/he' (imported as 'LINE_LABELS').

Import trace for requested module:
./components/tv/TvMode.tsx
./components/station/StationDashboard.tsx

./app/admin/page.tsx
Attempted import error: 'getActiveRace' is not exported from '@/lib/services/races' (imported as 'getActiveRace').

Import trace for requested module:
./app/admin/page.tsx
 ⚠ ./components/history/HistoryView.tsx
Attempted import error: 'LINE_LABELS' is not exported from '@/lib/i18n/he' (imported as 'LINE_LABELS').

Import trace for requested module:
./components/history/HistoryView.tsx

./components/history/HistoryView.tsx
Attempted import error: 'LINE_LABELS' is not exported from '@/lib/i18n/he' (imported as 'LINE_LABELS').

Import trace for requested module:
./components/history/HistoryView.tsx

./components/station/StationDashboard.tsx
Attempted import error: 'LINE_CODES' is not exported from '@/lib/domain/types' (imported as 'LINE_CODES').

Import trace for requested module:
./components/station/StationDashboard.tsx

./components/station/StationDashboard.tsx
Attempted import error: 'LINE_CODES' is not exported from '@/lib/domain/types' (imported as 'LINE_CODES').

Import trace for requested module:
./components/station/StationDashboard.tsx

./components/station/StationDashboard.tsx
Attempted import error: 'LINE_CODES' is not exported from '@/lib/domain/types' (imported as 'LINE_CODES').

Import trace for requested module:
./components/station/StationDashboard.tsx

./components/tv/TvMode.tsx
Attempted import error: 'LINE_LABELS' is not exported from '@/lib/i18n/he' (imported as 'LINE_LABELS').

Import trace for requested module:
./components/tv/TvMode.tsx
./components/station/StationDashboard.tsx

./components/history/HistoryView.tsx
Attempted import error: 'LINE_LABELS' is not exported from '@/lib/i18n/he' (imported as 'LINE_LABELS').

Import trace for requested module:
./components/history/HistoryView.tsx

./components/history/HistoryView.tsx
Attempted import error: 'LINE_LABELS' is not exported from '@/lib/i18n/he' (imported as 'LINE_LABELS').

Import trace for requested module:
./components/history/HistoryView.tsx

./components/station/StationDashboard.tsx
Attempted import error: 'LINE_CODES' is not exported from '@/lib/domain/types' (imported as 'LINE_CODES').

Import trace for requested module:
./components/station/StationDashboard.tsx

./components/station/StationDashboard.tsx
Attempted import error: 'LINE_CODES' is not exported from '@/lib/domain/types' (imported as 'LINE_CODES').

Import trace for requested module:
./components/station/StationDashboard.tsx

./components/station/StationDashboard.tsx
Attempted import error: 'LINE_CODES' is not exported from '@/lib/domain/types' (imported as 'LINE_CODES').

Import trace for requested module:
./components/station/StationDashboard.tsx

./components/tv/TvMode.tsx
Attempted import error: 'LINE_LABELS' is not exported from '@/lib/i18n/he' (imported as 'LINE_LABELS').

Import trace for requested module:
./components/tv/TvMode.tsx
./components/station/StationDashboard.tsx

./app/admin/page.tsx
Attempted import error: 'getActiveRace' is not exported from '@/lib/services/races' (imported as 'getActiveRace').

Import trace for requested module:
./app/admin/page.tsx
 ⚠ ./components/history/HistoryView.tsx
Attempted import error: 'LINE_LABELS' is not exported from '@/lib/i18n/he' (imported as 'LINE_LABELS').

Import trace for requested module:
./components/history/HistoryView.tsx

./components/history/HistoryView.tsx
Attempted import error: 'LINE_LABELS' is not exported from '@/lib/i18n/he' (imported as 'LINE_LABELS').

Import trace for requested module:
./components/history/HistoryView.tsx

./components/station/StationDashboard.tsx
Attempted import error: 'LINE_CODES' is not exported from '@/lib/domain/types' (imported as 'LINE_CODES').

Import trace for requested module:
./components/station/StationDashboard.tsx

./components/station/StationDashboard.tsx
Attempted import error: 'LINE_CODES' is not exported from '@/lib/domain/types' (imported as 'LINE_CODES').

Import trace for requested module:
./components/station/StationDashboard.tsx

./components/station/StationDashboard.tsx
Attempted import error: 'LINE_CODES' is not exported from '@/lib/domain/types' (imported as 'LINE_CODES').

Import trace for requested module:
./components/station/StationDashboard.tsx

./components/tv/TvMode.tsx
Attempted import error: 'LINE_LABELS' is not exported from '@/lib/i18n/he' (imported as 'LINE_LABELS').

Import trace for requested module:
./components/tv/TvMode.tsx
./components/station/StationDashboard.tsx

./components/history/HistoryView.tsx
Attempted import error: 'LINE_LABELS' is not exported from '@/lib/i18n/he' (imported as 'LINE_LABELS').

Import trace for requested module:
./components/history/HistoryView.tsx

./components/history/HistoryView.tsx
Attempted import error: 'LINE_LABELS' is not exported from '@/lib/i18n/he' (imported as 'LINE_LABELS').

Import trace for requested module:
./components/history/HistoryView.tsx

./components/station/StationDashboard.tsx
Attempted import error: 'LINE_CODES' is not exported from '@/lib/domain/types' (imported as 'LINE_CODES').

Import trace for requested module:
./components/station/StationDashboard.tsx

./components/station/StationDashboard.tsx
Attempted import error: 'LINE_CODES' is not exported from '@/lib/domain/types' (imported as 'LINE_CODES').

Import trace for requested module:
./components/station/StationDashboard.tsx

./components/station/StationDashboard.tsx
Attempted import error: 'LINE_CODES' is not exported from '@/lib/domain/types' (imported as 'LINE_CODES').

Import trace for requested module:
./components/station/StationDashboard.tsx

./components/tv/TvMode.tsx
Attempted import error: 'LINE_LABELS' is not exported from '@/lib/i18n/he' (imported as 'LINE_LABELS').

Import trace for requested module:
./components/tv/TvMode.tsx
./components/station/StationDashboard.tsx

./app/admin/page.tsx
Attempted import error: 'getActiveRace' is not exported from '@/lib/services/races' (imported as 'getActiveRace').

Import trace for requested module:
./app/admin/page.tsx
 ⚠ ./components/history/HistoryView.tsx
Attempted import error: 'LINE_LABELS' is not exported from '@/lib/i18n/he' (imported as 'LINE_LABELS').

Import trace for requested module:
./components/history/HistoryView.tsx

./components/history/HistoryView.tsx
Attempted import error: 'LINE_LABELS' is not exported from '@/lib/i18n/he' (imported as 'LINE_LABELS').

Import trace for requested module:
./components/history/HistoryView.tsx

./components/station/StationDashboard.tsx
Attempted import error: 'LINE_CODES' is not exported from '@/lib/domain/types' (imported as 'LINE_CODES').

Import trace for requested module:
./components/station/StationDashboard.tsx

./components/station/StationDashboard.tsx
Attempted import error: 'LINE_CODES' is not exported from '@/lib/domain/types' (imported as 'LINE_CODES').

Import trace for requested module:
./components/station/StationDashboard.tsx

./components/station/StationDashboard.tsx
Attempted import error: 'LINE_CODES' is not exported from '@/lib/domain/types' (imported as 'LINE_CODES').

Import trace for requested module:
./components/station/StationDashboard.tsx

./components/tv/TvMode.tsx
Attempted import error: 'LINE_LABELS' is not exported from '@/lib/i18n/he' (imported as 'LINE_LABELS').

Import trace for requested module:
./components/tv/TvMode.tsx
./components/station/StationDashboard.tsx

./components/history/HistoryView.tsx
Attempted import error: 'LINE_LABELS' is not exported from '@/lib/i18n/he' (imported as 'LINE_LABELS').

Import trace for requested module:
./components/history/HistoryView.tsx

./components/history/HistoryView.tsx
Attempted import error: 'LINE_LABELS' is not exported from '@/lib/i18n/he' (imported as 'LINE_LABELS').

Import trace for requested module:
./components/history/HistoryView.tsx

./components/station/StationDashboard.tsx
Attempted import error: 'LINE_CODES' is not exported from '@/lib/domain/types' (imported as 'LINE_CODES').

Import trace for requested module:
./components/station/StationDashboard.tsx

./components/station/StationDashboard.tsx
Attempted import error: 'LINE_CODES' is not exported from '@/lib/domain/types' (imported as 'LINE_CODES').

Import trace for requested module:
./components/station/StationDashboard.tsx

./components/station/StationDashboard.tsx
Attempted import error: 'LINE_CODES' is not exported from '@/lib/domain/types' (imported as 'LINE_CODES').

Import trace for requested module:
./components/station/StationDashboard.tsx

./components/tv/TvMode.tsx
Attempted import error: 'LINE_LABELS' is not exported from '@/lib/i18n/he' (imported as 'LINE_LABELS').

Import trace for requested module:
./components/tv/TvMode.tsx
./components/station/StationDashboard.tsx

./app/admin/page.tsx
Attempted import error: 'getActiveRace' is not exported from '@/lib/services/races' (imported as 'getActiveRace').

Import trace for requested module:
./app/admin/page.tsx
 ⚠ ./components/history/HistoryView.tsx
Attempted import error: 'LINE_LABELS' is not exported from '@/lib/i18n/he' (imported as 'LINE_LABELS').

Import trace for requested module:
./components/history/HistoryView.tsx

./components/history/HistoryView.tsx
Attempted import error: 'LINE_LABELS' is not exported from '@/lib/i18n/he' (imported as 'LINE_LABELS').

Import trace for requested module:
./components/history/HistoryView.tsx

./components/station/StationDashboard.tsx
Attempted import error: 'LINE_CODES' is not exported from '@/lib/domain/types' (imported as 'LINE_CODES').

Import trace for requested module:
./components/station/StationDashboard.tsx

./components/station/StationDashboard.tsx
Attempted import error: 'LINE_CODES' is not exported from '@/lib/domain/types' (imported as 'LINE_CODES').

Import trace for requested module:
./components/station/StationDashboard.tsx

./components/station/StationDashboard.tsx
Attempted import error: 'LINE_CODES' is not exported from '@/lib/domain/types' (imported as 'LINE_CODES').

Import trace for requested module:
./components/station/StationDashboard.tsx

./components/tv/TvMode.tsx
Attempted import error: 'LINE_LABELS' is not exported from '@/lib/i18n/he' (imported as 'LINE_LABELS').

Import trace for requested module:
./components/tv/TvMode.tsx
./components/station/StationDashboard.tsx

./components/history/HistoryView.tsx
Attempted import error: 'LINE_LABELS' is not exported from '@/lib/i18n/he' (imported as 'LINE_LABELS').

Import trace for requested module:
./components/history/HistoryView.tsx

./components/history/HistoryView.tsx
Attempted import error: 'LINE_LABELS' is not exported from '@/lib/i18n/he' (imported as 'LINE_LABELS').

Import trace for requested module:
./components/history/HistoryView.tsx

./components/station/StationDashboard.tsx
Attempted import error: 'LINE_CODES' is not exported from '@/lib/domain/types' (imported as 'LINE_CODES').

Import trace for requested module:
./components/station/StationDashboard.tsx

./components/station/StationDashboard.tsx
Attempted import error: 'LINE_CODES' is not exported from '@/lib/domain/types' (imported as 'LINE_CODES').

Import trace for requested module:
./components/station/StationDashboard.tsx

./components/station/StationDashboard.tsx
Attempted import error: 'LINE_CODES' is not exported from '@/lib/domain/types' (imported as 'LINE_CODES').

Import trace for requested module:
./components/station/StationDashboard.tsx

./components/tv/TvMode.tsx
Attempted import error: 'LINE_LABELS' is not exported from '@/lib/i18n/he' (imported as 'LINE_LABELS').

Import trace for requested module:
./components/tv/TvMode.tsx
./components/station/StationDashboard.tsx

./app/admin/page.tsx
Attempted import error: 'getActiveRace' is not exported from '@/lib/services/races' (imported as 'getActiveRace').

Import trace for requested module:
./app/admin/page.tsx
 ⚠ ./components/history/HistoryView.tsx
Attempted import error: 'LINE_LABELS' is not exported from '@/lib/i18n/he' (imported as 'LINE_LABELS').

Import trace for requested module:
./components/history/HistoryView.tsx

./components/history/HistoryView.tsx
Attempted import error: 'LINE_LABELS' is not exported from '@/lib/i18n/he' (imported as 'LINE_LABELS').

Import trace for requested module:
./components/history/HistoryView.tsx

./components/station/StationDashboard.tsx
Attempted import error: 'LINE_CODES' is not exported from '@/lib/domain/types' (imported as 'LINE_CODES').

Import trace for requested module:
./components/station/StationDashboard.tsx

./components/station/StationDashboard.tsx
Attempted import error: 'LINE_CODES' is not exported from '@/lib/domain/types' (imported as 'LINE_CODES').

Import trace for requested module:
./components/station/StationDashboard.tsx

./components/station/StationDashboard.tsx
Attempted import error: 'LINE_CODES' is not exported from '@/lib/domain/types' (imported as 'LINE_CODES').

Import trace for requested module:
./components/station/StationDashboard.tsx

./components/history/HistoryView.tsx
Attempted import error: 'LINE_LABELS' is not exported from '@/lib/i18n/he' (imported as 'LINE_LABELS').

Import trace for requested module:
./components/history/HistoryView.tsx

./components/history/HistoryView.tsx
Attempted import error: 'LINE_LABELS' is not exported from '@/lib/i18n/he' (imported as 'LINE_LABELS').

Import trace for requested module:
./components/history/HistoryView.tsx

./components/station/StationDashboard.tsx
Attempted import error: 'LINE_CODES' is not exported from '@/lib/domain/types' (imported as 'LINE_CODES').

Import trace for requested module:
./components/station/StationDashboard.tsx

./components/station/StationDashboard.tsx
Attempted import error: 'LINE_CODES' is not exported from '@/lib/domain/types' (imported as 'LINE_CODES').

Import trace for requested module:
./components/station/StationDashboard.tsx

./components/station/StationDashboard.tsx
Attempted import error: 'LINE_CODES' is not exported from '@/lib/domain/types' (imported as 'LINE_CODES').

Import trace for requested module:
./components/station/StationDashboard.tsx

./app/admin/page.tsx
Attempted import error: 'getActiveRace' is not exported from '@/lib/services/races' (imported as 'getActiveRace').

Import trace for requested module:
./app/admin/page.tsx
 ⚠ ./components/history/HistoryView.tsx
Attempted import error: 'LINE_LABELS' is not exported from '@/lib/i18n/he' (imported as 'LINE_LABELS').

Import trace for requested module:
./components/history/HistoryView.tsx

./components/history/HistoryView.tsx
Attempted import error: 'LINE_LABELS' is not exported from '@/lib/i18n/he' (imported as 'LINE_LABELS').

Import trace for requested module:
./components/history/HistoryView.tsx

./components/history/HistoryView.tsx
Attempted import error: 'LINE_LABELS' is not exported from '@/lib/i18n/he' (imported as 'LINE_LABELS').

Import trace for requested module:
./components/history/HistoryView.tsx

./components/history/HistoryView.tsx
Attempted import error: 'LINE_LABELS' is not exported from '@/lib/i18n/he' (imported as 'LINE_LABELS').

Import trace for requested module:
./components/history/HistoryView.tsx

./app/admin/page.tsx
Attempted import error: 'getActiveRace' is not exported from '@/lib/services/races' (imported as 'getActiveRace').

Import trace for requested module:
./app/admin/page.tsx
 ⚠ ./app/admin/page.tsx
Attempted import error: 'getActiveRace' is not exported from '@/lib/services/races' (imported as 'getActiveRace').

Import trace for requested module:
./app/admin/page.tsx
 ⚠ ./app/admin/page.tsx
Attempted import error: 'getActiveRace' is not exported from '@/lib/services/races' (imported as 'getActiveRace').

Import trace for requested module:
./app/admin/page.tsx
 ⚠ ./app/admin/page.tsx
Attempted import error: 'getActiveRace' is not exported from '@/lib/services/races' (imported as 'getActiveRace').

Import trace for requested module:
./app/admin/page.tsx
 ⚠ ./app/admin/page.tsx
Attempted import error: 'getActiveRace' is not exported from '@/lib/services/races' (imported as 'getActiveRace').

Import trace for requested module:
./app/admin/page.tsx
 ⚠ ./app/admin/page.tsx
Attempted import error: 'getActiveRace' is not exported from '@/lib/services/races' (imported as 'getActiveRace').

Import trace for requested module:
./app/admin/page.tsx
 ⚠ ./app/admin/page.tsx
Attempted import error: 'getActiveRace' is not exported from '@/lib/services/races' (imported as 'getActiveRace').

Import trace for requested module:
./app/admin/page.tsx
 ✓ Compiled in 1293ms (831 modules)
 ✓ Compiled in 1164ms (831 modules)
 ✓ Compiled in 548ms (336 modules)
 ✓ Compiled in 787ms (817 modules)
 ✓ Compiled in 440ms (336 modules)
 ✓ Compiled in 384ms (336 modules)
 ✓ Compiled in 1105ms (820 modules)
 ✓ Compiled in 933ms (834 modules)
